Workbook

Sheet Progress
A1: Contents of | C1: =SUM(C3:OFFSET(C3,10000,0)) -> 133763922099
A2: Progress.txt | B2: j_a | C2: Combinations Tried
A3: 03-07 12:18: j_a=1, 0 tried, 0 total, Squares: 0 G, 0 C, 0 F, 0 D, 0 GC, 0 FD, Triples: 0 GE, 0 CE, 0 GEC, 0 FE, 0 DE, 0 FED, 0 errs. | B3: =IF($A3="","",VALUE(MID($A3,(FIND("j_a=",$A3)+4),FIND(" ",$A3,FIND("j_a=",$A3))-(FIND("j_a=",$A3)+4)-1))) -> 1 | C3: =IF($A3="","",VALUE(TRIM(MID($A3,FIND(" ",$A3,FIND("j_a=",$A3)),FIND("tried",$A3)-FIND(" ",$A3,FIND("j_a=",$A3)))))) -> 0
A4: 03-07 12:18: j_a=2, 0 tried, 0 total, Squares: 0 G, 0 C, 0 F, 0 D, 0 GC, 0 FD, Triples: 0 GE, 0 CE, 0 GEC, 0 FE, 0 DE, 0 FED, 0 errs. | B4: =IF($A4="","",VALUE(MID($A4,(FIND("j_a=",$A4)+4),FIND(" ",$A4,FIND("j_a=",$A4))-(FIND("j_a=",$A4)+4)-1))) -> 2 | C4: =IF($A4="","",VALUE(TRIM(MID($A4,FIND(" ",$A4,FIND("j_a=",$A4)),FIND("tried",$A4)-FIND(" ",$A4,FIND("j_a=",$A4)))))) -> 0
A5: 03-07 12:18: j_a=3, 1 tried, 1 total, Squares: 0 G, 0 C, 0 F, 0 D, 0 GC, 0 FD, Triples: 0 GE, 0 CE, 0 GEC, 0 FE, 0 DE, 0 FED, 0 errs. | B5: =IF($A5="","",VALUE(MID($A5,(FIND("j_a=",$A5)+4),FIND(" ",$A5,FIND("j_a=",$A5))-(FIND("j_a=",$A5)+4)-1))) -> 3 | C5: =IF($A5="","",VALUE(TRIM(MID($A5,FIND(" ",$A5,FIND("j_a=",$A5)),FIND("tried",$A5)-FIND(" ",$A5,FIND("j_a=",$A5)))))) -> 1
A6: 03-07 12:18: j_a=4, 2 tried, 3 total, Squares: 0 G, 0 C, 0 F, 0 D, 0 GC, 0 FD, Triples: 0 GE, 0 CE, 0 GEC, 0 FE, 0 DE, 0 FED, 0 errs. | B6: =IF($A6="","",VALUE(MID($A6,(FIND("j_a=",$A6)+4),FIND(" ",$A6,FIND("j_a=",$A6))-(FIND("j_a=",$A6)+4)-1))) -> 4 | C6: =IF($A6="","",VALUE(TRIM(MID($A6,FIND(" ",$A6,FIND("j_a=",$A6)),FIND("tried",$A6)-FIND(" ",$A6,FIND("j_a=",$A6)))))) -> 2
A7: 03-07 12:18: j_a=5, 7 tried, 10 total, Squares: 0 G, 0 C, 0 F, 0 D, 0 GC, 0 FD, Triples: 0 GE, 0 CE, 0 GEC, 0 FE, 0 DE, 0 FED, 0 errs. | B7: =IF($A7="","",VALUE(MID($A7,(FIND("j_a=",$A7)+4),FIND(" ",$A7,FIND("j_a=",$A7))-(FIND("j_a=",$A7)+4)-1))) -> 5 | C7: =IF($A7="","",VALUE(TRIM(MID($A7,FIND(" ",$A7,FIND("j_a=",$A7)),FIND("tried",$A7)-FIND(" ",$A7,FIND("j_a=",$A7)))))) -> 7
A8: 03-07 12:18: j_a=6, 5 tried, 15 total, Squares: 0 G, 0 C, 0 F, 0 D, 0 GC, 0 FD, Triples: 0 GE, 0 CE, 0 GEC, 0 FE, 0 DE, 0 FED, 0 errs. | B8: =IF($A8="","",VALUE(MID($A8,(FIND("j_a=",$A8)+4),FIND(" ",$A8,FIND("j_a=",$A8))-(FIND("j_a=",$A8)+4)-1))) -> 6 | C8: =IF($A8="","",VALUE(TRIM(MID($A8,FIND(" ",$A8,FIND("j_a=",$A8)),FIND("tried",$A8)-FIND(" ",$A8,FIND("j_a=",$A8)))))) -> 5
A9: 03-07 12:18: j_a=7, 30 tried, 45 total, Squares: 0 G, 0 C, 0 F, 0 D, 0 GC, 0 FD, Triples: 0 GE, 0 CE, 0 GEC, 0 FE, 0 DE, 0 FED, 0 errs. | B9: =IF($A9="","",VALUE(MID($A9,(FIND("j_a=",$A9)+4),FIND(" ",$A9,FIND("j_a=",$A9))-(FIND("j_a=",$A9)+4)-1))) -> 7 | C9: =IF($A9="","",VALUE(TRIM(MID($A9,FIND(" ",$A9,FIND("j_a=",$A9)),FIND("tried",$A9)-FIND(" ",$A9,FIND("j_a=",$A9)))))) -> 30
A10: 03-07 12:18: j_a=8, 20 tried, 65 total, Squares: 0 G, 0 C, 0 F, 1 D, 0 GC, 0 FD, Triples: 0 GE, 0 CE, 0 GEC, 0 FE, 0 DE, 0 FED, 0 errs. | B10: =IF($A10="","",VALUE(MID($A10,(FIND("j_a=",$A10)+4),FIND(" ",$A10,FIND("j_a=",$A10))-(FIND("j_a=",$A10)+4)-1))) -> 8 | C10: =IF($A10="","",VALUE(TRIM(MID($A10,FIND(" ",$A10,FIND("j_a=",$A10)),FIND("tried",$A10)-FIND(" ",$A10,FIND("j_a=",$A10)))))) -> 20
A11: 03-07 12:18: j_a=9, 54 tried, 119 total, Squares: 0 G, 0 C, 0 F, 1 D, 0 GC, 0 FD, Triples: 0 GE, 0 CE, 0 GEC, 0 FE, 0 DE, 0 FED, 0 errs. | B11: =IF($A11="","",VALUE(MID($A11,(FIND("j_a=",$A11)+4),FIND(" ",$A11,FIND("j_a=",$A11))-(FIND("j_a=",$A11)+4)-1))) -> 9 | C11: =IF($A11="","",VALUE(TRIM(MID($A11,FIND(" ",$A11,FIND("j_a=",$A11)),FIND("tried",$A11)-FIND(" ",$A11,FIND("j_a=",$A11)))))) -> 54
A12: 03-07 12:18: j_a=10, 34 tried, 153 total, Squares: 0 G, 0 C, 0 F, 1 D, 0 GC, 0 FD, Triples: 0 GE, 0 CE, 0 GEC, 0 FE, 0 DE, 0 FED, 0 errs. | B12: =IF($A12="","",VALUE(MID($A12,(FIND("j_a=",$A12)+4),FIND(" ",$A12,FIND("j_a=",$A12))-(FIND("j_a=",$A12)+4)-1))) -> 10 | C12: =IF($A12="","",VALUE(TRIM(MID($A12,FIND(" ",$A12,FIND("j_a=",$A12)),FIND("tried",$A12)-FIND(" ",$A12,FIND("j_a=",$A12)))))) -> 34
A13: 03-07 12:18: j_a=11, 123 tried, 276 total, Squares: 0 G, 0 C, 0 F, 1 D, 0 GC, 0 FD, Triples: 0 GE, 0 CE, 0 GEC, 0 FE, 0 DE, 0 FED, 0 errs. | B13: =IF($A13="","",VALUE(MID($A13,(FIND("j_a=",$A13)+4),FIND(" ",$A13,FIND("j_a=",$A13))-(FIND("j_a=",$A13)+4)-1))) -> 11 | C13: =IF($A13="","",VALUE(TRIM(MID($A13,FIND(" ",$A13,FIND("j_a=",$A13)),FIND("tried",$A13)-FIND(" ",$A13,FIND("j_a=",$A13)))))) -> 123
A14: 03-07 12:18: j_a=12, 78 tried, 354 total, Squares: 0 G, 0 C, 0 F, 1 D, 0 GC, 0 FD, Triples: 0 GE, 0 CE, 0 GEC, 0 FE, 0 DE, 0 FED, 0 errs. | B14: =IF($A14="","",VALUE(MID($A14,(FIND("j_a=",$A14)+4),FIND(" ",$A14,FIND("j_a=",$A14))-(FIND("j_a=",$A14)+4)-1))) -> 12 | C14: =IF($A14="","",VALUE(TRIM(MID($A14,FIND(" ",$A14,FIND("j_a=",$A14)),FIND("tried",$A14)-FIND(" ",$A14,FIND("j_a=",$A14)))))) -> 78
... A1706: 03-09 07:14: j_a=1,704, 169,544,184 tried, 7,547,133,611 total, Squares: 4 G, 24 C, 2 F, 5 D, 0 GC, 0 FD, Triples: 0 GE, 0 CE, 0 GEC, 0 FE, 0 DE, 0 FED, 0 errs. | B1706: =IF($A1706="","",VALUE(MID($A1706,(FIND("j_a=",$A1706)+4),FIND(" ",$A1706,FIND("j_a=",$A1706))-(FIND("j_a=",$A1706)+4)-1))) -> 1704 | C1706: =IF($A1706="","",VALUE(TRIM(MID($A1706,FIND(" ",$A1706,FIND("j_a=",$A1706)),FIND("tried",$A1706)-FIND(" ",$A1706,FIND("j_a=",$A1706)))))) -> 169544184
B1707: =IF($A1707="","",VALUE(MID($A1707,(FIND("j_a=",$A1707)+4),FIND(" ",$A1707,FIND("j_a=",$A1707))-(FIND("j_a=",$A1707)+4)-1))) | C1707: =IF($A1707="","",VALUE(TRIM(MID($A1707,FIND(" ",$A1707,FIND("j_a=",$A1707)),FIND("tried",$A1707)-FIND(" ",$A1707,FIND("j_a=",$A1707))))))
B1708: =IF($A1708="","",VALUE(MID($A1708,(FIND("j_a=",$A1708)+4),FIND(" ",$A1708,FIND("j_a=",$A1708))-(FIND("j_a=",$A1708)+4)-1))) | C1708: =IF($A1708="","",VALUE(TRIM(MID($A1708,FIND(" ",$A1708,FIND("j_a=",$A1708)),FIND("tried",$A1708)-FIND(" ",$A1708,FIND("j_a=",$A1708))))))
B1709: =IF($A1709="","",VALUE(MID($A1709,(FIND("j_a=",$A1709)+4),FIND(" ",$A1709,FIND("j_a=",$A1709))-(FIND("j_a=",$A1709)+4)-1))) | C1709: =IF($A1709="","",VALUE(TRIM(MID($A1709,FIND(" ",$A1709,FIND("j_a=",$A1709)),FIND("tried",$A1709)-FIND(" ",$A1709,FIND("j_a=",$A1709))))))
B1710: =IF($A1710="","",VALUE(MID($A1710,(FIND("j_a=",$A1710)+4),FIND(" ",$A1710,FIND("j_a=",$A1710))-(FIND("j_a=",$A1710)+4)-1))) | C1710: =IF($A1710="","",VALUE(TRIM(MID($A1710,FIND(" ",$A1710,FIND("j_a=",$A1710)),FIND("tried",$A1710)-FIND(" ",$A1710,FIND("j_a=",$A1710))))))
B1711: =IF($A1711="","",VALUE(MID($A1711,(FIND("j_a=",$A1711)+4),FIND(" ",$A1711,FIND("j_a=",$A1711))-(FIND("j_a=",$A1711)+4)-1))) | C1711: =IF($A1711="","",VALUE(TRIM(MID($A1711,FIND(" ",$A1711,FIND("j_a=",$A1711)),FIND("tried",$A1711)-FIND(" ",$A1711,FIND("j_a=",$A1711))))))
B1712: =IF($A1712="","",VALUE(MID($A1712,(FIND("j_a=",$A1712)+4),FIND(" ",$A1712,FIND("j_a=",$A1712))-(FIND("j_a=",$A1712)+4)-1))) | C1712: =IF($A1712="","",VALUE(TRIM(MID($A1712,FIND(" ",$A1712,FIND("j_a=",$A1712)),FIND("tried",$A1712)-FIND(" ",$A1712,FIND("j_a=",$A1712))))))
B1713: =IF($A1713="","",VALUE(MID($A1713,(FIND("j_a=",$A1713)+4),FIND(" ",$A1713,FIND("j_a=",$A1713))-(FIND("j_a=",$A1713)+4)-1))) | C1713: =IF($A1713="","",VALUE(TRIM(MID($A1713,FIND(" ",$A1713,FIND("j_a=",$A1713)),FIND("tried",$A1713)-FIND(" ",$A1713,FIND("j_a=",$A1713))))))
B1714: =IF($A1714="","",VALUE(MID($A1714,(FIND("j_a=",$A1714)+4),FIND(" ",$A1714,FIND("j_a=",$A1714))-(FIND("j_a=",$A1714)+4)-1))) | C1714: =IF($A1714="","",VALUE(TRIM(MID($A1714,FIND(" ",$A1714,FIND("j_a=",$A1714)),FIND("tried",$A1714)-FIND(" ",$A1714,FIND("j_a=",$A1714))))))
B1715: =IF($A1715="","",VALUE(MID($A1715,(FIND("j_a=",$A1715)+4),FIND(" ",$A1715,FIND("j_a=",$A1715))-(FIND("j_a=",$A1715)+4)-1))) | C1715: =IF($A1715="","",VALUE(TRIM(MID($A1715,FIND(" ",$A1715,FIND("j_a=",$A1715)),FIND("tried",$A1715)-FIND(" ",$A1715,FIND("j_a=",$A1715))))))
B1716: =IF($A1716="","",VALUE(MID($A1716,(FIND("j_a=",$A1716)+4),FIND(" ",$A1716,FIND("j_a=",$A1716))-(FIND("j_a=",$A1716)+4)-1))) | C1716: =IF($A1716="","",VALUE(TRIM(MID($A1716,FIND(" ",$A1716,FIND("j_a=",$A1716)),FIND("tried",$A1716)-FIND(" ",$A1716,FIND("j_a=",$A1716))))))
B1717: =IF($A1717="","",VALUE(MID($A1717,(FIND("j_a=",$A1717)+4),FIND(" ",$A1717,FIND("j_a=",$A1717))-(FIND("j_a=",$A1717)+4)-1))) | C1717: =IF($A1717="","",VALUE(TRIM(MID($A1717,FIND(" ",$A1717,FIND("j_a=",$A1717)),FIND("tried",$A1717)-FIND(" ",$A1717,FIND("j_a=",$A1717))))))
B1718: =IF($A1718="","",VALUE(MID($A1718,(FIND("j_a=",$A1718)+4),FIND(" ",$A1718,FIND("j_a=",$A1718))-(FIND("j_a=",$A1718)+4)-1))) | C1718: =IF($A1718="","",VALUE(TRIM(MID($A1718,FIND(" ",$A1718,FIND("j_a=",$A1718)),FIND("tried",$A1718)-FIND(" ",$A1718,FIND("j_a=",$A1718))))))
... B4002: =IF($A4002="","",VALUE(MID($A4002,(FIND("j_a=",$A4002)+4),FIND(" ",$A4002,FIND("j_a=",$A4002))-(FIND("j_a=",$A4002)+4)-1))) | C4002: =IF($A4002="","",VALUE(TRIM(MID($A4002,FIND(" ",$A4002,FIND("j_a=",$A4002)),FIND("tried",$A4002)-FIND(" ",$A4002,FIND("j_a=",$A4002))))))

Sheet Results
A1: Contents of | B1: =COUNTIF(B3:OFFSET(B3,10000,0),"2 Sols")&" w/2 Solutions" -> 0 w/2 Solutions | D1: j_a= | E1: k_a= | F1: j_b= | G1: k_b= | H1: l_a= | I1: e_a= | J1: s_a= | K1: l_b= | L1: e_b= | M1: s_b= | N1: GCD | O1: 6th Sq | P1: Root | Q1: Final Square (roots) | R1: =TEXT(COUNTIF(S3:OFFSET(S3,10000,0),">0")+COUNTIF(T3:OFFSET(T3,10000,0),">0")++COUNTIF(V3:OFFSET(V3,10000,0),">0")++COUNTIF(W3:OFFSET(W3,10000,0),">0"), "#,##0")&" solutions for c,d,f,g" -> 2,215 solutions for c,d,f,g | S1: =TEXT(COUNTIF(S3:OFFSET(S3,10000,0),">0"),"#,##0")&" solutions for "&S2 -> 1,434 solutions for c | T1: =TEXT(COUNTIF(T3:OFFSET(T3,10000,0),">0"),"#,##0")&" solutions for "&T2 -> 364 solutions for d | V1: =TEXT(COUNTIF(V3:OFFSET(V3,10000,0),">0"),"#,##0")&" solutions for "&V2 -> 99 solutions for f | W1: =TEXT(COUNTIF(W3:OFFSET(W3,10000,0),">0"),"#,##0")&" solutions for "&W2 -> 318 solutions for g
A2: Results.txt | B2: =COUNTIF(B3:OFFSET(B3,10000,0),"Duplicate")&" Duplicate"&IF(COUNTIF(B3:OFFSET(B3,10000,0),"Duplicate")=1,"","s") -> 0 Duplicates | C2: Hash | G2: ] | L2: ] | O2: At | P2: Value | Q2: a | R2: b | S2: c | T2: d | U2: e | V2: f | W2: g | X2: h | Y2: i
A3: At [Seeds: j_a=8 k_a=7 j_b=7 k_b=6], [Entries: l_a=127 e_a=113 l_b=97 e_b=85], D=3,977^2. | B3: =IF(A3="","",IF(COUNTIF(C$2:C2,C3)>0,"Duplicate",IF(LEFT(C3,LEN(C3)-1)=LEFT(OFFSET(C3,-1,0),LEN(OFFSET(C3,-1,0))-1),"2 Sols",""))) | C3: =IF(A3="","",RIGHT("00000"&IF(OR($D3="",$E3="",$F3="",$G3=""),"",IF($D3>=$F3,$D3,$F3)),5)&"-" &RIGHT("00000"&IF(OR($D3="",$E3="",$F3="",$G3=""),"",IF($D3=$F3,IF($E3>=$G3,$E3,$G3),IF($D3>$F3,$E3,$G3))),5)&"-" &RIGHT("00000"&IF(OR($D3="",$E3="",$F3="",$G3=""),"",IF($D3<$F3,$D3,$F3)),5)&"-" &RIGHT("00000"&IF(OR($D3="",$E3="",$F3="",$G3=""),"",IF($D3=$F3,IF($E3<$G3,$E3,$G3),IF($D3<$F3,$E3,$G3))),5)&"-"&O3) -> 00008-00007-00007-00006-D | D3: =IF($A3="","",VALUE(MID($A3,FIND(D$1,$A3)+LEN(D$1),FIND(D$2,$A3,FIND(D$1,$A3))-(FIND(D$1,$A3)+LEN(D$1))))) -> 8 | E3: =IF($A3="","",VALUE(MID($A3,FIND(E$1,$A3)+LEN(E$1),FIND(E$2,$A3,FIND(E$1,$A3))-(FIND(E$1,$A3)+LEN(E$1))))) -> 7 | F3: =IF($A3="","",VALUE(MID($A3,FIND(F$1,$A3)+LEN(F$1),FIND(F$2,$A3,FIND(F$1,$A3))-(FIND(F$1,$A3)+LEN(F$1))))) -> 7 | G3: =IF($A3="","",VALUE(MID($A3,FIND(G$1,$A3)+LEN(G$1),FIND(G$2,$A3,FIND(G$1,$A3))-(FIND(G$1,$A3)+LEN(G$1))))) -> 6 | H3: =IF($A3="","",VALUE(MID($A3,FIND(H$1,$A3)+LEN(H$1),FIND(H$2,$A3,FIND(H$1,$A3))-(FIND(H$1,$A3)+LEN(H$1))))) -> 127 | I3: =IF($A3="","",VALUE(MID($A3,FIND(I$1,$A3)+LEN(I$1),FIND(I$2,$A3,FIND(I$1,$A3))-(FIND(I$1,$A3)+LEN(I$1))))) -> 113 | J3: =IF(OR($D3="",$E3=""),"",$E3^2+2*$E3*$D3-$D3^2) -> 97 | K3: =IF($A3="","",VALUE(MID($A3,FIND(K$1,$A3)+LEN(K$1),FIND(K$2,$A3,FIND(K$1,$A3))-(FIND(K$1,$A3)+LEN(K$1))))) -> 97 | L3: =IF($A3="","",VALUE(MID($A3,FIND(L$1,$A3)+LEN(L$1),FIND(L$2,$A3,FIND(L$1,$A3))-(FIND(L$1,$A3)+LEN(L$1))))) -> 85 | M3: =IF(OR($F3="",$G3=""),"",$G3^2+2*$G3*$F3-$F3^2) -> 71 | N3: =IF(OR($H3="",$I3="",$J3="",$K3="",$L3="",$M3=""),"",GCD($H3:$M3)) -> 1 | O3: =IF($A3="","",MID($A3,FIND(" ",$A3,FIND(L$1,$A3))+1,1)) -> D | P3: =IF(A3="","",TRIM(SUBSTITUTE(SUBSTITUTE(RIGHT(A3,LEN(A3)-FIND("=",A3,FIND("]",A3,FIND("]",A3)+1))),"^2",""),".",""))) -> 3,977 | Q3: =IF(OR($H3="",$L3="",$N3=""),"",$H3*$L3/$N3) -> 10795 | R3: =IF(OR($K3="",$I3="",$N3=""),"",$K3*$I3/$N3) -> 10961 | S3: =IF(OR($O3<>UPPER(S$2),$N3=""),"",IF($P3="",-1,$P3/$N3)) | T3: =IF(OR($O3<>UPPER(T$2),$N3=""),"",IF($P3="",-1,$P3/$N3)) -> 3977 | U3: =IF(OR($I3="",$L3="",$N3=""),"",$I3*$L3/$N3) -> 9605 | V3: =IF(OR($O3<>UPPER(V$2),$N3=""),"",IF($P3="",-1,$P3/$N3)) | W3: =IF(OR($O3<>UPPER(W$2),$N3=""),"",IF($P3="",-1,$P3/$N3)) | X3: =IF(OR($M3="",$I3="",$N3=""),"",$M3*$I3/$N3) -> 8023 | Y3: =IF(OR($J3="",$L3="",$N3=""),"",$J3*$L3/$N3) -> 8245
A4: At [Seeds: j_a=13 k_a=11 j_b=9 k_b=8], [Entries: l_a=334 e_a=290 l_b=161 e_b=145], D=14,210^2. | B4: =IF(A4="","",IF(COUNTIF(C$2:C3,C4)>0,"Duplicate",IF(LEFT(C4,LEN(C4)-1)=LEFT(OFFSET(C4,-1,0),LEN(OFFSET(C4,-1,0))-1),"2 Sols",""))) | C4: =IF(A4="","",RIGHT("00000"&IF(OR($D4="",$E4="",$F4="",$G4=""),"",IF($D4>=$F4,$D4,$F4)),5)&"-" &RIGHT("00000"&IF(OR($D4="",$E4="",$F4="",$G4=""),"",IF($D4=$F4,IF($E4>=$G4,$E4,$G4),IF($D4>$F4,$E4,$G4))),5)&"-" &RIGHT("00000"&IF(OR($D4="",$E4="",$F4="",$G4=""),"",IF($D4<$F4,$D4,$F4)),5)&"-" &RIGHT("00000"&IF(OR($D4="",$E4="",$F4="",$G4=""),"",IF($D4=$F4,IF($E4<$G4,$E4,$G4),IF($D4<$F4,$E4,$G4))),5)&"-"&O4) -> 00013-00011-00009-00008-D | D4: =IF($A4="","",VALUE(MID($A4,FIND(D$1,$A4)+LEN(D$1),FIND(D$2,$A4,FIND(D$1,$A4))-(FIND(D$1,$A4)+LEN(D$1))))) -> 13 | E4: =IF($A4="","",VALUE(MID($A4,FIND(E$1,$A4)+LEN(E$1),FIND(E$2,$A4,FIND(E$1,$A4))-(FIND(E$1,$A4)+LEN(E$1))))) -> 11 | F4: =IF($A4="","",VALUE(MID($A4,FIND(F$1,$A4)+LEN(F$1),FIND(F$2,$A4,FIND(F$1,$A4))-(FIND(F$1,$A4)+LEN(F$1))))) -> 9 | G4: =IF($A4="","",VALUE(MID($A4,FIND(G$1,$A4)+LEN(G$1),FIND(G$2,$A4,FIND(G$1,$A4))-(FIND(G$1,$A4)+LEN(G$1))))) -> 8 | H4: =IF($A4="","",VALUE(MID($A4,FIND(H$1,$A4)+LEN(H$1),FIND(H$2,$A4,FIND(H$1,$A4))-(FIND(H$1,$A4)+LEN(H$1))))) -> 334 | I4: =IF($A4="","",VALUE(MID($A4,FIND(I$1,$A4)+LEN(I$1),FIND(I$2,$A4,FIND(I$1,$A4))-(FIND(I$1,$A4)+LEN(I$1))))) -> 290 | J4: =IF(OR($D4="",$E4=""),"",$E4^2+2*$E4*$D4-$D4^2) -> 238 | K4: =IF($A4="","",VALUE(MID($A4,FIND(K$1,$A4)+LEN(K$1),FIND(K$2,$A4,FIND(K$1,$A4))-(FIND(K$1,$A4)+LEN(K$1))))) -> 161 | L4: =IF($A4="","",VALUE(MID($A4,FIND(L$1,$A4)+LEN(L$1),FIND(L$2,$A4,FIND(L$1,$A4))-(FIND(L$1,$A4)+LEN(L$1))))) -> 145 | M4: =IF(OR($F4="",$G4=""),"",$G4^2+2*$G4*$F4-$F4^2) -> 127 | N4: =IF(OR($H4="",$I4="",$J4="",$K4="",$L4="",$M4=""),"",GCD($H4:$M4)) -> 1 | O4: =IF($A4="","",MID($A4,FIND(" ",$A4,FIND(L$1,$A4))+1,1)) -> D | P4: =IF(A4="","",TRIM(SUBSTITUTE(SUBSTITUTE(RIGHT(A4,LEN(A4)-FIND("=",A4,FIND("]",A4,FIND("]",A4)+1))),"^2",""),".",""))) -> 14,210 | Q4: =IF(OR($H4="",$L4="",$N4=""),"",$H4*$L4/$N4) -> 48430 | R4: =IF(OR($K4="",$I4="",$N4=""),"",$K4*$I4/$N4) -> 46690 | S4: =IF(OR($O4<>UPPER(S$2),$N4=""),"",IF($P4="",-1,$P4/$N4)) | T4: =IF(OR($O4<>UPPER(T$2),$N4=""),"",IF($P4="",-1,$P4/$N4)) -> 14210 | U4: =IF(OR($I4="",$L4="",$N4=""),"",$I4*$L4/$N4) -> 42050 | V4: =IF(OR($O4<>UPPER(V$2),$N4=""),"",IF($P4="",-1,$P4/$N4)) | W4: =IF(OR($O4<>UPPER(W$2),$N4=""),"",IF($P4="",-1,$P4/$N4)) | X4: =IF(OR($M4="",$I4="",$N4=""),"",$M4*$I4/$N4) -> 36830 | Y4: =IF(OR($J4="",$L4="",$N4=""),"",$J4*$L4/$N4) -> 34510
A5: At [Seeds: j_a=16 k_a=13 j_b=15 k_b=11], [Entries: l_a=503 e_a=425 l_b=434 e_b=346], C=23,666^2. | B5: =IF(A5="","",IF(COUNTIF(C$2:C4,C5)>0,"Duplicate",IF(LEFT(C5,LEN(C5)-1)=LEFT(OFFSET(C5,-1,0),LEN(OFFSET(C5,-1,0))-1),"2 Sols",""))) | C5: =IF(A5="","",RIGHT("00000"&IF(OR($D5="",$E5="",$F5="",$G5=""),"",IF($D5>=$F5,$D5,$F5)),5)&"-" &RIGHT("00000"&IF(OR($D5="",$E5="",$F5="",$G5=""),"",IF($D5=$F5,IF($E5>=$G5,$E5,$G5),IF($D5>$F5,$E5,$G5))),5)&"-" &RIGHT("00000"&IF(OR($D5="",$E5="",$F5="",$G5=""),"",IF($D5<$F5,$D5,$F5)),5)&"-" &RIGHT("00000"&IF(OR($D5="",$E5="",$F5="",$G5=""),"",IF($D5=$F5,IF($E5<$G5,$E5,$G5),IF($D5<$F5,$E5,$G5))),5)&"-"&O5) -> 00016-00013-00015-00011-C | D5: =IF($A5="","",VALUE(MID($A5,FIND(D$1,$A5)+LEN(D$1),FIND(D$2,$A5,FIND(D$1,$A5))-(FIND(D$1,$A5)+LEN(D$1))))) -> 16 | E5: =IF($A5="","",VALUE(MID($A5,FIND(E$1,$A5)+LEN(E$1),FIND(E$2,$A5,FIND(E$1,$A5))-(FIND(E$1,$A5)+LEN(E$1))))) -> 13 | F5: =IF($A5="","",VALUE(MID($A5,FIND(F$1,$A5)+LEN(F$1),FIND(F$2,$A5,FIND(F$1,$A5))-(FIND(F$1,$A5)+LEN(F$1))))) -> 15 | G5: =IF($A5="","",VALUE(MID($A5,FIND(G$1,$A5)+LEN(G$1),FIND(G$2,$A5,FIND(G$1,$A5))-(FIND(G$1,$A5)+LEN(G$1))))) -> 11 | H5: =IF($A5="","",VALUE(MID($A5,FIND(H$1,$A5)+LEN(H$1),FIND(H$2,$A5,FIND(H$1,$A5))-(FIND(H$1,$A5)+LEN(H$1))))) -> 503 | I5: =IF($A5="","",VALUE(MID($A5,FIND(I$1,$A5)+LEN(I$1),FIND(I$2,$A5,FIND(I$1,$A5))-(FIND(I$1,$A5)+LEN(I$1))))) -> 425 | J5: =IF(OR($D5="",$E5=""),"",$E5^2+2*$E5*$D5-$D5^2) -> 329 | K5: =IF($A5="","",VALUE(MID($A5,FIND(K$1,$A5)+LEN(K$1),FIND(K$2,$A5,FIND(K$1,$A5))-(FIND(K$1,$A5)+LEN(K$1))))) -> 434 | L5: =IF($A5="","",VALUE(MID($A5,FIND(L$1,$A5)+LEN(L$1),FIND(L$2,$A5,FIND(L$1,$A5))-(FIND(L$1,$A5)+LEN(L$1))))) -> 346 | M5: =IF(OR($F5="",$G5=""),"",$G5^2+2*$G5*$F5-$F5^2) -> 226 | N5: =IF(OR($H5="",$I5="",$J5="",$K5="",$L5="",$M5=""),"",GCD($H5:$M5)) -> 1 | O5: =IF($A5="","",MID($A5,FIND(" ",$A5,FIND(L$1,$A5))+1,1)) -> C | P5: =IF(A5="","",TRIM(SUBSTITUTE(SUBSTITUTE(RIGHT(A5,LEN(A5)-FIND("=",A5,FIND("]",A5,FIND("]",A5)+1))),"^2",""),".",""))) -> 23,666 | Q5: =IF(OR($H5="",$L5="",$N5=""),"",$H5*$L5/$N5) -> 174038 | R5: =IF(OR($K5="",$I5="",$N5=""),"",$K5*$I5/$N5) -> 184450 | S5: =IF(OR($O5<>UPPER(S$2),$N5=""),"",IF($P5="",-1,$P5/$N5)) -> 23666 | T5: =IF(OR($O5<>UPPER(T$2),$N5=""),"",IF($P5="",-1,$P5/$N5)) | U5: =IF(OR($I5="",$L5="",$N5=""),"",$I5*$L5/$N5) -> 147050 | V5: =IF(OR($O5<>UPPER(V$2),$N5=""),"",IF($P5="",-1,$P5/$N5)) | W5: =IF(OR($O5<>UPPER(W$2),$N5=""),"",IF($P5="",-1,$P5/$N5)) | X5: =IF(OR($M5="",$I5="",$N5=""),"",$M5*$I5/$N5) -> 96050 | Y5: =IF(OR($J5="",$L5="",$N5=""),"",$J5*$L5/$N5) -> 113834
A6: At [Seeds: j_a=21 k_a=16 j_b=9 k_b=7], [Entries: l_a=857 e_a=697 l_b=158 e_b=130], C=9,518^2. | B6: =IF(A6="","",IF(COUNTIF(C$2:C5,C6)>0,"Duplicate",IF(LEFT(C6,LEN(C6)-1)=LEFT(OFFSET(C6,-1,0),LEN(OFFSET(C6,-1,0))-1),"2 Sols",""))) | C6: =IF(A6="","",RIGHT("00000"&IF(OR($D6="",$E6="",$F6="",$G6=""),"",IF($D6>=$F6,$D6,$F6)),5)&"-" &RIGHT("00000"&IF(OR($D6="",$E6="",$F6="",$G6=""),"",IF($D6=$F6,IF($E6>=$G6,$E6,$G6),IF($D6>$F6,$E6,$G6))),5)&"-" &RIGHT("00000"&IF(OR($D6="",$E6="",$F6="",$G6=""),"",IF($D6<$F6,$D6,$F6)),5)&"-" &RIGHT("00000"&IF(OR($D6="",$E6="",$F6="",$G6=""),"",IF($D6=$F6,IF($E6<$G6,$E6,$G6),IF($D6<$F6,$E6,$G6))),5)&"-"&O6) -> 00021-00016-00009-00007-C | D6: =IF($A6="","",VALUE(MID($A6,FIND(D$1,$A6)+LEN(D$1),FIND(D$2,$A6,FIND(D$1,$A6))-(FIND(D$1,$A6)+LEN(D$1))))) -> 21 | E6: =IF($A6="","",VALUE(MID($A6,FIND(E$1,$A6)+LEN(E$1),FIND(E$2,$A6,FIND(E$1,$A6))-(FIND(E$1,$A6)+LEN(E$1))))) -> 16 | F6: =IF($A6="","",VALUE(MID($A6,FIND(F$1,$A6)+LEN(F$1),FIND(F$2,$A6,FIND(F$1,$A6))-(FIND(F$1,$A6)+LEN(F$1))))) -> 9 | G6: =IF($A6="","",VALUE(MID($A6,FIND(G$1,$A6)+LEN(G$1),FIND(G$2,$A6,FIND(G$1,$A6))-(FIND(G$1,$A6)+LEN(G$1))))) -> 7 | H6: =IF($A6="","",VALUE(MID($A6,FIND(H$1,$A6)+LEN(H$1),FIND(H$2,$A6,FIND(H$1,$A6))-(FIND(H$1,$A6)+LEN(H$1))))) -> 857 | I6: =IF($A6="","",VALUE(MID($A6,FIND(I$1,$A6)+LEN(I$1),FIND(I$2,$A6,FIND(I$1,$A6))-(FIND(I$1,$A6)+LEN(I$1))))) -> 697 | J6: =IF(OR($D6="",$E6=""),"",$E6^2+2*$E6*$D6-$D6^2) -> 487 | K6: =IF($A6="","",VALUE(MID($A6,FIND(K$1,$A6)+LEN(K$1),FIND(K$2,$A6,FIND(K$1,$A6))-(FIND(K$1,$A6)+LEN(K$1))))) -> 158 | L6: =IF($A6="","",VALUE(MID($A6,FIND(L$1,$A6)+LEN(L$1),FIND(L$2,$A6,FIND(L$1,$A6))-(FIND(L$1,$A6)+LEN(L$1))))) -> 130 | M6: =IF(OR($F6="",$G6=""),"",$G6^2+2*$G6*$F6-$F6^2) -> 94 | N6: =IF(OR($H6="",$I6="",$J6="",$K6="",$L6="",$M6=""),"",GCD($H6:$M6)) -> 1 | O6: =IF($A6="","",MID($A6,FIND(" ",$A6,FIND(L$1,$A6))+1,1)) -> C | P6: =IF(A6="","",TRIM(SUBSTITUTE(SUBSTITUTE(RIGHT(A6,LEN(A6)-FIND("=",A6,FIND("]",A6,FIND("]",A6)+1))),"^2",""),".",""))) -> 9,518 | Q6: =IF(OR($H6="",$L6="",$N6=""),"",$H6*$L6/$N6) -> 111410 | R6: =IF(OR($K6="",$I6="",$N6=""),"",$K6*$I6/$N6) -> 110126 | S6: =IF(OR($O6<>UPPER(S$2),$N6=""),"",IF($P6="",-1,$P6/$N6)) -> 9518 | T6: =IF(OR($O6<>UPPER(T$2),$N6=""),"",IF($P6="",-1,$P6/$N6)) | U6: =IF(OR($I6="",$L6="",$N6=""),"",$I6*$L6/$N6) -> 90610 | V6: =IF(OR($O6<>UPPER(V$2),$N6=""),"",IF($P6="",-1,$P6/$N6)) | W6: =IF(OR($O6<>UPPER(W$2),$N6=""),"",IF($P6="",-1,$P6/$N6)) | X6: =IF(OR($M6="",$I6="",$N6=""),"",$M6*$I6/$N6) -> 65518 | Y6: =IF(OR($J6="",$L6="",$N6=""),"",$J6*$L6/$N6) -> 63310
A7: At [Seeds: j_a=21 k_a=17 j_b=14 k_b=13], [Entries: l_a=866 e_a=730 l_b=391 e_b=365], D=51,830^2. | B7: =IF(A7="","",IF(COUNTIF(C$2:C6,C7)>0,"Duplicate",IF(LEFT(C7,LEN(C7)-1)=LEFT(OFFSET(C7,-1,0),LEN(OFFSET(C7,-1,0))-1),"2 Sols",""))) | C7: =IF(A7="","",RIGHT("00000"&IF(OR($D7="",$E7="",$F7="",$G7=""),"",IF($D7>=$F7,$D7,$F7)),5)&"-" &RIGHT("00000"&IF(OR($D7="",$E7="",$F7="",$G7=""),"",IF($D7=$F7,IF($E7>=$G7,$E7,$G7),IF($D7>$F7,$E7,$G7))),5)&"-" &RIGHT("00000"&IF(OR($D7="",$E7="",$F7="",$G7=""),"",IF($D7<$F7,$D7,$F7)),5)&"-" &RIGHT("00000"&IF(OR($D7="",$E7="",$F7="",$G7=""),"",IF($D7=$F7,IF($E7<$G7,$E7,$G7),IF($D7<$F7,$E7,$G7))),5)&"-"&O7) -> 00021-00017-00014-00013-D | D7: =IF($A7="","",VALUE(MID($A7,FIND(D$1,$A7)+LEN(D$1),FIND(D$2,$A7,FIND(D$1,$A7))-(FIND(D$1,$A7)+LEN(D$1))))) -> 21 | E7: =IF($A7="","",VALUE(MID($A7,FIND(E$1,$A7)+LEN(E$1),FIND(E$2,$A7,FIND(E$1,$A7))-(FIND(E$1,$A7)+LEN(E$1))))) -> 17 | F7: =IF($A7="","",VALUE(MID($A7,FIND(F$1,$A7)+LEN(F$1),FIND(F$2,$A7,FIND(F$1,$A7))-(FIND(F$1,$A7)+LEN(F$1))))) -> 14 | G7: =IF($A7="","",VALUE(MID($A7,FIND(G$1,$A7)+LEN(G$1),FIND(G$2,$A7,FIND(G$1,$A7))-(FIND(G$1,$A7)+LEN(G$1))))) -> 13 | H7: =IF($A7="","",VALUE(MID($A7,FIND(H$1,$A7)+LEN(H$1),FIND(H$2,$A7,FIND(H$1,$A7))-(FIND(H$1,$A7)+LEN(H$1))))) -> 866 | I7: =IF($A7="","",VALUE(MID($A7,FIND(I$1,$A7)+LEN(I$1),FIND(I$2,$A7,FIND(I$1,$A7))-(FIND(I$1,$A7)+LEN(I$1))))) -> 730 | J7: =IF(OR($D7="",$E7=""),"",$E7^2+2*$E7*$D7-$D7^2) -> 562 | K7: =IF($A7="","",VALUE(MID($A7,FIND(K$1,$A7)+LEN(K$1),FIND(K$2,$A7,FIND(K$1,$A7))-(FIND(K$1,$A7)+LEN(K$1))))) -> 391 | L7: =IF($A7="","",VALUE(MID($A7,FIND(L$1,$A7)+LEN(L$1),FIND(L$2,$A7,FIND(L$1,$A7))-(FIND(L$1,$A7)+LEN(L$1))))) -> 365 | M7: =IF(OR($F7="",$G7=""),"",$G7^2+2*$G7*$F7-$F7^2) -> 337 | N7: =IF(OR($H7="",$I7="",$J7="",$K7="",$L7="",$M7=""),"",GCD($H7:$M7)) -> 1 | O7: =IF($A7="","",MID($A7,FIND(" ",$A7,FIND(L$1,$A7))+1,1)) -> D | P7: =IF(A7="","",TRIM(SUBSTITUTE(SUBSTITUTE(RIGHT(A7,LEN(A7)-FIND("=",A7,FIND("]",A7,FIND("]",A7)+1))),"^2",""),".",""))) -> 51,830 | Q7: =IF(OR($H7="",$L7="",$N7=""),"",$H7*$L7/$N7) -> 316090 | R7: =IF(OR($K7="",$I7="",$N7=""),"",$K7*$I7/$N7) -> 285430 | S7: =IF(OR($O7<>UPPER(S$2),$N7=""),"",IF($P7="",-1,$P7/$N7)) | T7: =IF(OR($O7<>UPPER(T$2),$N7=""),"",IF($P7="",-1,$P7/$N7)) -> 51830 | U7: =IF(OR($I7="",$L7="",$N7=""),"",$I7*$L7/$N7) -> 266450 | V7: =IF(OR($O7<>UPPER(V$2),$N7=""),"",IF($P7="",-1,$P7/$N7)) | W7: =IF(OR($O7<>UPPER(W$2),$N7=""),"",IF($P7="",-1,$P7/$N7)) | X7: =IF(OR($M7="",$I7="",$N7=""),"",$M7*$I7/$N7) -> 246010 | Y7: =IF(OR($J7="",$L7="",$N7=""),"",$J7*$L7/$N7) -> 205130
A8: At [Seeds: j_a=22 k_a=19 j_b=3 k_b=2], [Entries: l_a=959 e_a=845 l_b=17 e_b=13], C=481^2. | B8: =IF(A8="","",IF(COUNTIF(C$2:C7,C8)>0,"Duplicate",IF(LEFT(C8,LEN(C8)-1)=LEFT(OFFSET(C8,-1,0),LEN(OFFSET(C8,-1,0))-1),"2 Sols",""))) | C8: =IF(A8="","",RIGHT("00000"&IF(OR($D8="",$E8="",$F8="",$G8=""),"",IF($D8>=$F8,$D8,$F8)),5)&"-" &RIGHT("00000"&IF(OR($D8="",$E8="",$F8="",$G8=""),"",IF($D8=$F8,IF($E8>=$G8,$E8,$G8),IF($D8>$F8,$E8,$G8))),5)&"-" &RIGHT("00000"&IF(OR($D8="",$E8="",$F8="",$G8=""),"",IF($D8<$F8,$D8,$F8)),5)&"-" &RIGHT("00000"&IF(OR($D8="",$E8="",$F8="",$G8=""),"",IF($D8=$F8,IF($E8<$G8,$E8,$G8),IF($D8<$F8,$E8,$G8))),5)&"-"&O8) -> 00022-00019-00003-00002-C | D8: =IF($A8="","",VALUE(MID($A8,FIND(D$1,$A8)+LEN(D$1),FIND(D$2,$A8,FIND(D$1,$A8))-(FIND(D$1,$A8)+LEN(D$1))))) -> 22 | E8: =IF($A8="","",VALUE(MID($A8,FIND(E$1,$A8)+LEN(E$1),FIND(E$2,$A8,FIND(E$1,$A8))-(FIND(E$1,$A8)+LEN(E$1))))) -> 19 | F8: =IF($A8="","",VALUE(MID($A8,FIND(F$1,$A8)+LEN(F$1),FIND(F$2,$A8,FIND(F$1,$A8))-(FIND(F$1,$A8)+LEN(F$1))))) -> 3 | G8: =IF($A8="","",VALUE(MID($A8,FIND(G$1,$A8)+LEN(G$1),FIND(G$2,$A8,FIND(G$1,$A8))-(FIND(G$1,$A8)+LEN(G$1))))) -> 2 | H8: =IF($A8="","",VALUE(MID($A8,FIND(H$1,$A8)+LEN(H$1),FIND(H$2,$A8,FIND(H$1,$A8))-(FIND(H$1,$A8)+LEN(H$1))))) -> 959 | I8: =IF($A8="","",VALUE(MID($A8,FIND(I$1,$A8)+LEN(I$1),FIND(I$2,$A8,FIND(I$1,$A8))-(FIND(I$1,$A8)+LEN(I$1))))) -> 845 | J8: =IF(OR($D8="",$E8=""),"",$E8^2+2*$E8*$D8-$D8^2) -> 713 | K8: =IF($A8="","",VALUE(MID($A8,FIND(K$1,$A8)+LEN(K$1),FIND(K$2,$A8,FIND(K$1,$A8))-(FIND(K$1,$A8)+LEN(K$1))))) -> 17 | L8: =IF($A8="","",VALUE(MID($A8,FIND(L$1,$A8)+LEN(L$1),FIND(L$2,$A8,FIND(L$1,$A8))-(FIND(L$1,$A8)+LEN(L$1))))) -> 13 | M8: =IF(OR($F8="",$G8=""),"",$G8^2+2*$G8*$F8-$F8^2) -> 7 | N8: =IF(OR($H8="",$I8="",$J8="",$K8="",$L8="",$M8=""),"",GCD($H8:$M8)) -> 1 | O8: =IF($A8="","",MID($A8,FIND(" ",$A8,FIND(L$1,$A8))+1,1)) -> C | P8: =IF(A8="","",TRIM(SUBSTITUTE(SUBSTITUTE(RIGHT(A8,LEN(A8)-FIND("=",A8,FIND("]",A8,FIND("]",A8)+1))),"^2",""),".",""))) -> 481 | Q8: =IF(OR($H8="",$L8="",$N8=""),"",$H8*$L8/$N8) -> 12467 | R8: =IF(OR($K8="",$I8="",$N8=""),"",$K8*$I8/$N8) -> 14365 | S8: =IF(OR($O8<>UPPER(S$2),$N8=""),"",IF($P8="",-1,$P8/$N8)) -> 481 | T8: =IF(OR($O8<>UPPER(T$2),$N8=""),"",IF($P8="",-1,$P8/$N8)) | U8: =IF(OR($I8="",$L8="",$N8=""),"",$I8*$L8/$N8) -> 10985 | V8: =IF(OR($O8<>UPPER(V$2),$N8=""),"",IF($P8="",-1,$P8/$N8)) | W8: =IF(OR($O8<>UPPER(W$2),$N8=""),"",IF($P8="",-1,$P8/$N8)) | X8: =IF(OR($M8="",$I8="",$N8=""),"",$M8*$I8/$N8) -> 5915 | Y8: =IF(OR($J8="",$L8="",$N8=""),"",$J8*$L8/$N8) -> 9269
A9: At [Seeds: j_a=29 k_a=23 j_b=19 k_b=18], [Entries: l_a=1,646 e_a=1,370 l_b=721 e_b=685], D=67,130^2. | B9: =IF(A9="","",IF(COUNTIF(C$2:C8,C9)>0,"Duplicate",IF(LEFT(C9,LEN(C9)-1)=LEFT(OFFSET(C9,-1,0),LEN(OFFSET(C9,-1,0))-1),"2 Sols",""))) | C9: =IF(A9="","",RIGHT("00000"&IF(OR($D9="",$E9="",$F9="",$G9=""),"",IF($D9>=$F9,$D9,$F9)),5)&"-" &RIGHT("00000"&IF(OR($D9="",$E9="",$F9="",$G9=""),"",IF($D9=$F9,IF($E9>=$G9,$E9,$G9),IF($D9>$F9,$E9,$G9))),5)&"-" &RIGHT("00000"&IF(OR($D9="",$E9="",$F9="",$G9=""),"",IF($D9<$F9,$D9,$F9)),5)&"-" &RIGHT("00000"&IF(OR($D9="",$E9="",$F9="",$G9=""),"",IF($D9=$F9,IF($E9<$G9,$E9,$G9),IF($D9<$F9,$E9,$G9))),5)&"-"&O9) -> 00029-00023-00019-00018-D | D9: =IF($A9="","",VALUE(MID($A9,FIND(D$1,$A9)+LEN(D$1),FIND(D$2,$A9,FIND(D$1,$A9))-(FIND(D$1,$A9)+LEN(D$1))))) -> 29 | E9: =IF($A9="","",VALUE(MID($A9,FIND(E$1,$A9)+LEN(E$1),FIND(E$2,$A9,FIND(E$1,$A9))-(FIND(E$1,$A9)+LEN(E$1))))) -> 23 | F9: =IF($A9="","",VALUE(MID($A9,FIND(F$1,$A9)+LEN(F$1),FIND(F$2,$A9,FIND(F$1,$A9))-(FIND(F$1,$A9)+LEN(F$1))))) -> 19 | G9: =IF($A9="","",VALUE(MID($A9,FIND(G$1,$A9)+LEN(G$1),FIND(G$2,$A9,FIND(G$1,$A9))-(FIND(G$1,$A9)+LEN(G$1))))) -> 18 | H9: =IF($A9="","",VALUE(MID($A9,FIND(H$1,$A9)+LEN(H$1),FIND(H$2,$A9,FIND(H$1,$A9))-(FIND(H$1,$A9)+LEN(H$1))))) -> 1646 | I9: =IF($A9="","",VALUE(MID($A9,FIND(I$1,$A9)+LEN(I$1),FIND(I$2,$A9,FIND(I$1,$A9))-(FIND(I$1,$A9)+LEN(I$1))))) -> 1370 | J9: =IF(OR($D9="",$E9=""),"",$E9^2+2*$E9*$D9-$D9^2) -> 1022 | K9: =IF($A9="","",VALUE(MID($A9,FIND(K$1,$A9)+LEN(K$1),FIND(K$2,$A9,FIND(K$1,$A9))-(FIND(K$1,$A9)+LEN(K$1))))) -> 721 | L9: =IF($A9="","",VALUE(MID($A9,FIND(L$1,$A9)+LEN(L$1),FIND(L$2,$A9,FIND(L$1,$A9))-(FIND(L$1,$A9)+LEN(L$1))))) -> 685 | M9: =IF(OR($F9="",$G9=""),"",$G9^2+2*$G9*$F9-$F9^2) -> 647 | N9: =IF(OR($H9="",$I9="",$J9="",$K9="",$L9="",$M9=""),"",GCD($H9:$M9)) -> 1 | O9: =IF($A9="","",MID($A9,FIND(" ",$A9,FIND(L$1,$A9))+1,1)) -> D | P9: =IF(A9="","",TRIM(SUBSTITUTE(SUBSTITUTE(RIGHT(A9,LEN(A9)-FIND("=",A9,FIND("]",A9,FIND("]",A9)+1))),"^2",""),".",""))) -> 67,130 | Q9: =IF(OR($H9="",$L9="",$N9=""),"",$H9*$L9/$N9) -> 1127510 | R9: =IF(OR($K9="",$I9="",$N9=""),"",$K9*$I9/$N9) -> 987770 | S9: =IF(OR($O9<>UPPER(S$2),$N9=""),"",IF($P9="",-1,$P9/$N9)) | T9: =IF(OR($O9<>UPPER(T$2),$N9=""),"",IF($P9="",-1,$P9/$N9)) -> 67130 | U9: =IF(OR($I9="",$L9="",$N9=""),"",$I9*$L9/$N9) -> 938450 | V9: =IF(OR($O9<>UPPER(V$2),$N9=""),"",IF($P9="",-1,$P9/$N9)) | W9: =IF(OR($O9<>UPPER(W$2),$N9=""),"",IF($P9="",-1,$P9/$N9)) | X9: =IF(OR($M9="",$I9="",$N9=""),"",$M9*$I9/$N9) -> 886390 | Y9: =IF(OR($J9="",$L9="",$N9=""),"",$J9*$L9/$N9) -> 700070
A10: At [Seeds: j_a=29 k_a=26 j_b=11 k_b=8], [Entries: l_a=1,673 e_a=1,517 l_b=233 e_b=185], C=124,727^2. | B10: =IF(A10="","",IF(COUNTIF(C$2:C9,C10)>0,"Duplicate",IF(LEFT(C10,LEN(C10)-1)=LEFT(OFFSET(C10,-1,0),LEN(OFFSET(C10,-1,0))-1),"2 Sols",""))) | C10: =IF(A10="","",RIGHT("00000"&IF(OR($D10="",$E10="",$F10="",$G10=""),"",IF($D10>=$F10,$D10,$F10)),5)&"-" &RIGHT("00000"&IF(OR($D10="",$E10="",$F10="",$G10=""),"",IF($D10=$F10,IF($E10>=$G10,$E10,$G10),IF($D10>$F10,$E10,$G10))),5)&"-" &RIGHT("00000"&IF(OR($D10="",$E10="",$F10="",$G10=""),"",IF($D10<$F10,$D10,$F10)),5)&"-" &RIGHT("00000"&IF(OR($D10="",$E10="",$F10="",$G10=""),"",IF($D10=$F10,IF($E10<$G10,$E10,$G10),IF($D10<$F10,$E10,$G10))),5)&"-"&O10) -> 00029-00026-00011-00008-C | D10: =IF($A10="","",VALUE(MID($A10,FIND(D$1,$A10)+LEN(D$1),FIND(D$2,$A10,FIND(D$1,$A10))-(FIND(D$1,$A10)+LEN(D$1))))) -> 29 | E10: =IF($A10="","",VALUE(MID($A10,FIND(E$1,$A10)+LEN(E$1),FIND(E$2,$A10,FIND(E$1,$A10))-(FIND(E$1,$A10)+LEN(E$1))))) -> 26 | F10: =IF($A10="","",VALUE(MID($A10,FIND(F$1,$A10)+LEN(F$1),FIND(F$2,$A10,FIND(F$1,$A10))-(FIND(F$1,$A10)+LEN(F$1))))) -> 11 | G10: =IF($A10="","",VALUE(MID($A10,FIND(G$1,$A10)+LEN(G$1),FIND(G$2,$A10,FIND(G$1,$A10))-(FIND(G$1,$A10)+LEN(G$1))))) -> 8 | H10: =IF($A10="","",VALUE(MID($A10,FIND(H$1,$A10)+LEN(H$1),FIND(H$2,$A10,FIND(H$1,$A10))-(FIND(H$1,$A10)+LEN(H$1))))) -> 1673 | I10: =IF($A10="","",VALUE(MID($A10,FIND(I$1,$A10)+LEN(I$1),FIND(I$2,$A10,FIND(I$1,$A10))-(FIND(I$1,$A10)+LEN(I$1))))) -> 1517 | J10: =IF(OR($D10="",$E10=""),"",$E10^2+2*$E10*$D10-$D10^2) -> 1343 | K10: =IF($A10="","",VALUE(MID($A10,FIND(K$1,$A10)+LEN(K$1),FIND(K$2,$A10,FIND(K$1,$A10))-(FIND(K$1,$A10)+LEN(K$1))))) -> 233 | L10: =IF($A10="","",VALUE(MID($A10,FIND(L$1,$A10)+LEN(L$1),FIND(L$2,$A10,FIND(L$1,$A10))-(FIND(L$1,$A10)+LEN(L$1))))) -> 185 | M10: =IF(OR($F10="",$G10=""),"",$G10^2+2*$G10*$F10-$F10^2) -> 119 | N10: =IF(OR($H10="",$I10="",$J10="",$K10="",$L10="",$M10=""),"",GCD($H10:$M10)) -> 1 | O10: =IF($A10="","",MID($A10,FIND(" ",$A10,FIND(L$1,$A10))+1,1)) -> C | P10: =IF(A10="","",TRIM(SUBSTITUTE(SUBSTITUTE(RIGHT(A10,LEN(A10)-FIND("=",A10,FIND("]",A10,FIND("]",A10)+1))),"^2",""),".",""))) -> 124,727 | Q10: =IF(OR($H10="",$L10="",$N10=""),"",$H10*$L10/$N10) -> 309505 | R10: =IF(OR($K10="",$I10="",$N10=""),"",$K10*$I10/$N10) -> 353461 | S10: =IF(OR($O10<>UPPER(S$2),$N10=""),"",IF($P10="",-1,$P10/$N10)) -> 124727 | T10: =IF(OR($O10<>UPPER(T$2),$N10=""),"",IF($P10="",-1,$P10/$N10)) | U10: =IF(OR($I10="",$L10="",$N10=""),"",$I10*$L10/$N10) -> 280645 | V10: =IF(OR($O10<>UPPER(V$2),$N10=""),"",IF($P10="",-1,$P10/$N10)) | W10: =IF(OR($O10<>UPPER(W$2),$N10=""),"",IF($P10="",-1,$P10/$N10)) | X10: =IF(OR($M10="",$I10="",$N10=""),"",$M10*$I10/$N10) -> 180523 | Y10: =IF(OR($J10="",$L10="",$N10=""),"",$J10*$L10/$N10) -> 248455
A11: At [Seeds: j_a=31 k_a=29 j_b=11 k_b=7], [Entries: l_a=1,918 e_a=1,802 l_b=226 e_b=170], C=96,764^2. | B11: =IF(A11="","",IF(COUNTIF(C$2:C10,C11)>0,"Duplicate",IF(LEFT(C11,LEN(C11)-1)=LEFT(OFFSET(C11,-1,0),LEN(OFFSET(C11,-1,0))-1),"2 Sols",""))) | C11: =IF(A11="","",RIGHT("00000"&IF(OR($D11="",$E11="",$F11="",$G11=""),"",IF($D11>=$F11,$D11,$F11)),5)&"-" &RIGHT("00000"&IF(OR($D11="",$E11="",$F11="",$G11=""),"",IF($D11=$F11,IF($E11>=$G11,$E11,$G11),IF($D11>$F11,$E11,$G11))),5)&"-" &RIGHT("00000"&IF(OR($D11="",$E11="",$F11="",$G11=""),"",IF($D11<$F11,$D11,$F11)),5)&"-" &RIGHT("00000"&IF(OR($D11="",$E11="",$F11="",$G11=""),"",IF($D11=$F11,IF($E11<$G11,$E11,$G11),IF($D11<$F11,$E11,$G11))),5)&"-"&O11) -> 00031-00029-00011-00007-C | D11: =IF($A11="","",VALUE(MID($A11,FIND(D$1,$A11)+LEN(D$1),FIND(D$2,$A11,FIND(D$1,$A11))-(FIND(D$1,$A11)+LEN(D$1))))) -> 31 | E11: =IF($A11="","",VALUE(MID($A11,FIND(E$1,$A11)+LEN(E$1),FIND(E$2,$A11,FIND(E$1,$A11))-(FIND(E$1,$A11)+LEN(E$1))))) -> 29 | F11: =IF($A11="","",VALUE(MID($A11,FIND(F$1,$A11)+LEN(F$1),FIND(F$2,$A11,FIND(F$1,$A11))-(FIND(F$1,$A11)+LEN(F$1))))) -> 11 | G11: =IF($A11="","",VALUE(MID($A11,FIND(G$1,$A11)+LEN(G$1),FIND(G$2,$A11,FIND(G$1,$A11))-(FIND(G$1,$A11)+LEN(G$1))))) -> 7 | H11: =IF($A11="","",VALUE(MID($A11,FIND(H$1,$A11)+LEN(H$1),FIND(H$2,$A11,FIND(H$1,$A11))-(FIND(H$1,$A11)+LEN(H$1))))) -> 1918 | I11: =IF($A11="","",VALUE(MID($A11,FIND(I$1,$A11)+LEN(I$1),FIND(I$2,$A11,FIND(I$1,$A11))-(FIND(I$1,$A11)+LEN(I$1))))) -> 1802 | J11: =IF(OR($D11="",$E11=""),"",$E11^2+2*$E11*$D11-$D11^2) -> 1678 | K11: =IF($A11="","",VALUE(MID($A11,FIND(K$1,$A11)+LEN(K$1),FIND(K$2,$A11,FIND(K$1,$A11))-(FIND(K$1,$A11)+LEN(K$1))))) -> 226 | L11: =IF($A11="","",VALUE(MID($A11,FIND(L$1,$A11)+LEN(L$1),FIND(L$2,$A11,FIND(L$1,$A11))-(FIND(L$1,$A11)+LEN(L$1))))) -> 170 | M11: =IF(OR($F11="",$G11=""),"",$G11^2+2*$G11*$F11-$F11^2) -> 82 | N11: =IF(OR($H11="",$I11="",$J11="",$K11="",$L11="",$M11=""),"",GCD($H11:$M11)) -> 2 | O11: =IF($A11="","",MID($A11,FIND(" ",$A11,FIND(L$1,$A11))+1,1)) -> C | P11: =IF(A11="","",TRIM(SUBSTITUTE(SUBSTITUTE(RIGHT(A11,LEN(A11)-FIND("=",A11,FIND("]",A11,FIND("]",A11)+1))),"^2",""),".",""))) -> 96,764 | Q11: =IF(OR($H11="",$L11="",$N11=""),"",$H11*$L11/$N11) -> 163030 | R11: =IF(OR($K11="",$I11="",$N11=""),"",$K11*$I11/$N11) -> 203626 | S11: =IF(OR($O11<>UPPER(S$2),$N11=""),"",IF($P11="",-1,$P11/$N11)) -> 48382 | T11: =IF(OR($O11<>UPPER(T$2),$N11=""),"",IF($P11="",-1,$P11/$N11)) | U11: =IF(OR($I11="",$L11="",$N11=""),"",$I11*$L11/$N11) -> 153170 | V11: =IF(OR($O11<>UPPER(V$2),$N11=""),"",IF($P11="",-1,$P11/$N11)) | W11: =IF(OR($O11<>UPPER(W$2),$N11=""),"",IF($P11="",-1,$P11/$N11)) | X11: =IF(OR($M11="",$I11="",$N11=""),"",$M11*$I11/$N11) -> 73882 | Y11: =IF(OR($J11="",$L11="",$N11=""),"",$J11*$L11/$N11) -> 142630
A12: At [Seeds: j_a=31 k_a=29 j_b=26 k_b=15], [Entries: l_a=1,918 e_a=1,802 l_b=1,231 e_b=901], C=34,238^2. | B12: =IF(A12="","",IF(COUNTIF(C$2:C11,C12)>0,"Duplicate",IF(LEFT(C12,LEN(C12)-1)=LEFT(OFFSET(C12,-1,0),LEN(OFFSET(C12,-1,0))-1),"2 Sols",""))) | C12: =IF(A12="","",RIGHT("00000"&IF(OR($D12="",$E12="",$F12="",$G12=""),"",IF($D12>=$F12,$D12,$F12)),5)&"-" &RIGHT("00000"&IF(OR($D12="",$E12="",$F12="",$G12=""),"",IF($D12=$F12,IF($E12>=$G12,$E12,$G12),IF($D12>$F12,$E12,$G12))),5)&"-" &RIGHT("00000"&IF(OR($D12="",$E12="",$F12="",$G12=""),"",IF($D12<$F12,$D12,$F12)),5)&"-" &RIGHT("00000"&IF(OR($D12="",$E12="",$F12="",$G12=""),"",IF($D12=$F12,IF($E12<$G12,$E12,$G12),IF($D12<$F12,$E12,$G12))),5)&"-"&O12) -> 00031-00029-00026-00015-C | D12: =IF($A12="","",VALUE(MID($A12,FIND(D$1,$A12)+LEN(D$1),FIND(D$2,$A12,FIND(D$1,$A12))-(FIND(D$1,$A12)+LEN(D$1))))) -> 31 | E12: =IF($A12="","",VALUE(MID($A12,FIND(E$1,$A12)+LEN(E$1),FIND(E$2,$A12,FIND(E$1,$A12))-(FIND(E$1,$A12)+LEN(E$1))))) -> 29 | F12: =IF($A12="","",VALUE(MID($A12,FIND(F$1,$A12)+LEN(F$1),FIND(F$2,$A12,FIND(F$1,$A12))-(FIND(F$1,$A12)+LEN(F$1))))) -> 26 | G12: =IF($A12="","",VALUE(MID($A12,FIND(G$1,$A12)+LEN(G$1),FIND(G$2,$A12,FIND(G$1,$A12))-(FIND(G$1,$A12)+LEN(G$1))))) -> 15 | H12: =IF($A12="","",VALUE(MID($A12,FIND(H$1,$A12)+LEN(H$1),FIND(H$2,$A12,FIND(H$1,$A12))-(FIND(H$1,$A12)+LEN(H$1))))) -> 1918 | I12: =IF($A12="","",VALUE(MID($A12,FIND(I$1,$A12)+LEN(I$1),FIND(I$2,$A12,FIND(I$1,$A12))-(FIND(I$1,$A12)+LEN(I$1))))) -> 1802 | J12: =IF(OR($D12="",$E12=""),"",$E12^2+2*$E12*$D12-$D12^2) -> 1678 | K12: =IF($A12="","",VALUE(MID($A12,FIND(K$1,$A12)+LEN(K$1),FIND(K$2,$A12,FIND(K$1,$A12))-(FIND(K$1,$A12)+LEN(K$1))))) -> 1231 | L12: =IF($A12="","",VALUE(MID($A12,FIND(L$1,$A12)+LEN(L$1),FIND(L$2,$A12,FIND(L$1,$A12))-(FIND(L$1,$A12)+LEN(L$1))))) -> 901 | M12: =IF(OR($F12="",$G12=""),"",$G12^2+2*$G12*$F12-$F12^2) -> 329 | N12: =IF(OR($H12="",$I12="",$J12="",$K12="",$L12="",$M12=""),"",GCD($H12:$M12)) -> 1 | O12: =IF($A12="","",MID($A12,FIND(" ",$A12,FIND(L$1,$A12))+1,1)) -> C | P12: =IF(A12="","",TRIM(SUBSTITUTE(SUBSTITUTE(RIGHT(A12,LEN(A12)-FIND("=",A12,FIND("]",A12,FIND("]",A12)+1))),"^2",""),".",""))) -> 34,238 | Q12: =IF(OR($H12="",$L12="",$N12=""),"",$H12*$L12/$N12) -> 1728118 | R12: =IF(OR($K12="",$I12="",$N12=""),"",$K12*$I12/$N12) -> 2218262 | S12: =IF(OR($O12<>UPPER(S$2),$N12=""),"",IF($P12="",-1,$P12/$N12)) -> 34238 | T12: =IF(OR($O12<>UPPER(T$2),$N12=""),"",IF($P12="",-1,$P12/$N12)) | U12: =IF(OR($I12="",$L12="",$N12=""),"",$I12*$L12/$N12) -> 1623602 | V12: =IF(OR($O12<>UPPER(V$2),$N12=""),"",IF($P12="",-1,$P12/$N12)) | W12: =IF(OR($O12<>UPPER(W$2),$N12=""),"",IF($P12="",-1,$P12/$N12)) | X12: =IF(OR($M12="",$I12="",$N12=""),"",$M12*$I12/$N12) -> 592858 | Y12: =IF(OR($J12="",$L12="",$N12=""),"",$J12*$L12/$N12) -> 1511878
A13: At [Seeds: j_a=33 k_a=32 j_b=5 k_b=3], [Entries: l_a=2,177 e_a=2,113 l_b=46 e_b=34], D=15,502^2. | B13: =IF(A13="","",IF(COUNTIF(C$2:C12,C13)>0,"Duplicate",IF(LEFT(C13,LEN(C13)-1)=LEFT(OFFSET(C13,-1,0),LEN(OFFSET(C13,-1,0))-1),"2 Sols",""))) | C13: =IF(A13="","",RIGHT("00000"&IF(OR($D13="",$E13="",$F13="",$G13=""),"",IF($D13>=$F13,$D13,$F13)),5)&"-" &RIGHT("00000"&IF(OR($D13="",$E13="",$F13="",$G13=""),"",IF($D13=$F13,IF($E13>=$G13,$E13,$G13),IF($D13>$F13,$E13,$G13))),5)&"-" &RIGHT("00000"&IF(OR($D13="",$E13="",$F13="",$G13=""),"",IF($D13<$F13,$D13,$F13)),5)&"-" &RIGHT("00000"&IF(OR($D13="",$E13="",$F13="",$G13=""),"",IF($D13=$F13,IF($E13<$G13,$E13,$G13),IF($D13<$F13,$E13,$G13))),5)&"-"&O13) -> 00033-00032-00005-00003-D | D13: =IF($A13="","",VALUE(MID($A13,FIND(D$1,$A13)+LEN(D$1),FIND(D$2,$A13,FIND(D$1,$A13))-(FIND(D$1,$A13)+LEN(D$1))))) -> 33 | E13: =IF($A13="","",VALUE(MID($A13,FIND(E$1,$A13)+LEN(E$1),FIND(E$2,$A13,FIND(E$1,$A13))-(FIND(E$1,$A13)+LEN(E$1))))) -> 32 | F13: =IF($A13="","",VALUE(MID($A13,FIND(F$1,$A13)+LEN(F$1),FIND(F$2,$A13,FIND(F$1,$A13))-(FIND(F$1,$A13)+LEN(F$1))))) -> 5 | G13: =IF($A13="","",VALUE(MID($A13,FIND(G$1,$A13)+LEN(G$1),FIND(G$2,$A13,FIND(G$1,$A13))-(FIND(G$1,$A13)+LEN(G$1))))) -> 3 | H13: =IF($A13="","",VALUE(MID($A13,FIND(H$1,$A13)+LEN(H$1),FIND(H$2,$A13,FIND(H$1,$A13))-(FIND(H$1,$A13)+LEN(H$1))))) -> 2177 | I13: =IF($A13="","",VALUE(MID($A13,FIND(I$1,$A13)+LEN(I$1),FIND(I$2,$A13,FIND(I$1,$A13))-(FIND(I$1,$A13)+LEN(I$1))))) -> 2113 | J13: =IF(OR($D13="",$E13=""),"",$E13^2+2*$E13*$D13-$D13^2) -> 2047 | K13: =IF($A13="","",VALUE(MID($A13,FIND(K$1,$A13)+LEN(K$1),FIND(K$2,$A13,FIND(K$1,$A13))-(FIND(K$1,$A13)+LEN(K$1))))) -> 46 | L13: =IF($A13="","",VALUE(MID($A13,FIND(L$1,$A13)+LEN(L$1),FIND(L$2,$A13,FIND(L$1,$A13))-(FIND(L$1,$A13)+LEN(L$1))))) -> 34 | M13: =IF(OR($F13="",$G13=""),"",$G13^2+2*$G13*$F13-$F13^2) -> 14 | N13: =IF(OR($H13="",$I13="",$J13="",$K13="",$L13="",$M13=""),"",GCD($H13:$M13)) -> 1 | O13: =IF($A13="","",MID($A13,FIND(" ",$A13,FIND(L$1,$A13))+1,1)) -> D | P13: =IF(A13="","",TRIM(SUBSTITUTE(SUBSTITUTE(RIGHT(A13,LEN(A13)-FIND("=",A13,FIND("]",A13,FIND("]",A13)+1))),"^2",""),".",""))) -> 15,502 | Q13: =IF(OR($H13="",$L13="",$N13=""),"",$H13*$L13/$N13) -> 74018 | R13: =IF(OR($K13="",$I13="",$N13=""),"",$K13*$I13/$N13) -> 97198 | S13: =IF(OR($O13<>UPPER(S$2),$N13=""),"",IF($P13="",-1,$P13/$N13)) | T13: =IF(OR($O13<>UPPER(T$2),$N13=""),"",IF($P13="",-1,$P13/$N13)) -> 15502 | U13: =IF(OR($I13="",$L13="",$N13=""),"",$I13*$L13/$N13) -> 71842 | V13: =IF(OR($O13<>UPPER(V$2),$N13=""),"",IF($P13="",-1,$P13/$N13)) | W13: =IF(OR($O13<>UPPER(W$2),$N13=""),"",IF($P13="",-1,$P13/$N13)) | X13: =IF(OR($M13="",$I13="",$N13=""),"",$M13*$I13/$N13) -> 29582 | Y13: =IF(OR($J13="",$L13="",$N13=""),"",$J13*$L13/$N13) -> 69598
A14: At [Seeds: j_a=36 k_a=25 j_b=8 k_b=7], [Entries: l_a=2,471 e_a=1,921 l_b=127 e_b=113], C=62,263^2. | B14: =IF(A14="","",IF(COUNTIF(C$2:C13,C14)>0,"Duplicate",IF(LEFT(C14,LEN(C14)-1)=LEFT(OFFSET(C14,-1,0),LEN(OFFSET(C14,-1,0))-1),"2 Sols",""))) | C14: =IF(A14="","",RIGHT("00000"&IF(OR($D14="",$E14="",$F14="",$G14=""),"",IF($D14>=$F14,$D14,$F14)),5)&"-" &RIGHT("00000"&IF(OR($D14="",$E14="",$F14="",$G14=""),"",IF($D14=$F14,IF($E14>=$G14,$E14,$G14),IF($D14>$F14,$E14,$G14))),5)&"-" &RIGHT("00000"&IF(OR($D14="",$E14="",$F14="",$G14=""),"",IF($D14<$F14,$D14,$F14)),5)&"-" &RIGHT("00000"&IF(OR($D14="",$E14="",$F14="",$G14=""),"",IF($D14=$F14,IF($E14<$G14,$E14,$G14),IF($D14<$F14,$E14,$G14))),5)&"-"&O14) -> 00036-00025-00008-00007-C | D14: =IF($A14="","",VALUE(MID($A14,FIND(D$1,$A14)+LEN(D$1),FIND(D$2,$A14,FIND(D$1,$A14))-(FIND(D$1,$A14)+LEN(D$1))))) -> 36 | E14: =IF($A14="","",VALUE(MID($A14,FIND(E$1,$A14)+LEN(E$1),FIND(E$2,$A14,FIND(E$1,$A14))-(FIND(E$1,$A14)+LEN(E$1))))) -> 25 | F14: =IF($A14="","",VALUE(MID($A14,FIND(F$1,$A14)+LEN(F$1),FIND(F$2,$A14,FIND(F$1,$A14))-(FIND(F$1,$A14)+LEN(F$1))))) -> 8 | G14: =IF($A14="","",VALUE(MID($A14,FIND(G$1,$A14)+LEN(G$1),FIND(G$2,$A14,FIND(G$1,$A14))-(FIND(G$1,$A14)+LEN(G$1))))) -> 7 | H14: =IF($A14="","",VALUE(MID($A14,FIND(H$1,$A14)+LEN(H$1),FIND(H$2,$A14,FIND(H$1,$A14))-(FIND(H$1,$A14)+LEN(H$1))))) -> 2471 | I14: =IF($A14="","",VALUE(MID($A14,FIND(I$1,$A14)+LEN(I$1),FIND(I$2,$A14,FIND(I$1,$A14))-(FIND(I$1,$A14)+LEN(I$1))))) -> 1921 | J14: =IF(OR($D14="",$E14=""),"",$E14^2+2*$E14*$D14-$D14^2) -> 1129 | K14: =IF($A14="","",VALUE(MID($A14,FIND(K$1,$A14)+LEN(K$1),FIND(K$2,$A14,FIND(K$1,$A14))-(FIND(K$1,$A14)+LEN(K$1))))) -> 127 | L14: =IF($A14="","",VALUE(MID($A14,FIND(L$1,$A14)+LEN(L$1),FIND(L$2,$A14,FIND(L$1,$A14))-(FIND(L$1,$A14)+LEN(L$1))))) -> 113 | M14: =IF(OR($F14="",$G14=""),"",$G14^2+2*$G14*$F14-$F14^2) -> 97 | N14: =IF(OR($H14="",$I14="",$J14="",$K14="",$L14="",$M14=""),"",GCD($H14:$M14)) -> 1 | O14: =IF($A14="","",MID($A14,FIND(" ",$A14,FIND(L$1,$A14))+1,1)) -> C | P14: =IF(A14="","",TRIM(SUBSTITUTE(SUBSTITUTE(RIGHT(A14,LEN(A14)-FIND("=",A14,FIND("]",A14,FIND("]",A14)+1))),"^2",""),".",""))) -> 62,263 | Q14: =IF(OR($H14="",$L14="",$N14=""),"",$H14*$L14/$N14) -> 279223 | R14: =IF(OR($K14="",$I14="",$N14=""),"",$K14*$I14/$N14) -> 243967 | S14: =IF(OR($O14<>UPPER(S$2),$N14=""),"",IF($P14="",-1,$P14/$N14)) -> 62263 | T14: =IF(OR($O14<>UPPER(T$2),$N14=""),"",IF($P14="",-1,$P14/$N14)) | U14: =IF(OR($I14="",$L14="",$N14=""),"",$I14*$L14/$N14) -> 217073 | V14: =IF(OR($O14<>UPPER(V$2),$N14=""),"",IF($P14="",-1,$P14/$N14)) | W14: =IF(OR($O14<>UPPER(W$2),$N14=""),"",IF($P14="",-1,$P14/$N14)) | X14: =IF(OR($M14="",$I14="",$N14=""),"",$M14*$I14/$N14) -> 186337 | Y14: =IF(OR($J14="",$L14="",$N14=""),"",$J14*$L14/$N14) -> 127577
... A2217: At [Seeds: j_a=1,705 k_a=1,146 j_b=1,667 k_b=1,572], [Entries: l_a=5,501,569 e_a=4,220,341 l_b=5,548,753 e_b=5,250,073], C=9,495,316,796,857^2. | B2217: =IF(A2217="","",IF(COUNTIF(C$2:C2216,C2217)>0,"Duplicate",IF(LEFT(C2217,LEN(C2217)-1)=LEFT(OFFSET(C2217,-1,0),LEN(OFFSET(C2217,-1,0))-1),"2 Sols",""))) | C2217: =IF(A2217="","",RIGHT("00000"&IF(OR($D2217="",$E2217="",$F2217="",$G2217=""),"",IF($D2217>=$F2217,$D2217,$F2217)),5)&"-" &RIGHT("00000"&IF(OR($D2217="",$E2217="",$F2217="",$G2217=""),"",IF($D2217=$F2217,IF($E2217>=$G2217,$E2217,$G2217),IF($D2217>$F2217,$E2217,$G2217))),5)&"-" &RIGHT("00000"&IF(OR($D2217="",$E2217="",$F2217="",$G2217=""),"",IF($D2217<$F2217,$D2217,$F2217)),5)&"-" &RIGHT("00000"&IF(OR($D2217="",$E2217="",$F2217="",$G2217=""),"",IF($D2217=$F2217,IF($E2217<$G2217,$E2217,$G2217),IF($D2217<$F2217,$E2217,$G2217))),5)&"-"&O2217) -> 01705-01146-01667-01572-C | D2217: =IF($A2217="","",VALUE(MID($A2217,FIND(D$1,$A2217)+LEN(D$1),FIND(D$2,$A2217,FIND(D$1,$A2217))-(FIND(D$1,$A2217)+LEN(D$1))))) -> 1705 | E2217: =IF($A2217="","",VALUE(MID($A2217,FIND(E$1,$A2217)+LEN(E$1),FIND(E$2,$A2217,FIND(E$1,$A2217))-(FIND(E$1,$A2217)+LEN(E$1))))) -> 1146 | F2217: =IF($A2217="","",VALUE(MID($A2217,FIND(F$1,$A2217)+LEN(F$1),FIND(F$2,$A2217,FIND(F$1,$A2217))-(FIND(F$1,$A2217)+LEN(F$1))))) -> 1667 | G2217: =IF($A2217="","",VALUE(MID($A2217,FIND(G$1,$A2217)+LEN(G$1),FIND(G$2,$A2217,FIND(G$1,$A2217))-(FIND(G$1,$A2217)+LEN(G$1))))) -> 1572 | H2217: =IF($A2217="","",VALUE(MID($A2217,FIND(H$1,$A2217)+LEN(H$1),FIND(H$2,$A2217,FIND(H$1,$A2217))-(FIND(H$1,$A2217)+LEN(H$1))))) -> 5501569 | I2217: =IF($A2217="","",VALUE(MID($A2217,FIND(I$1,$A2217)+LEN(I$1),FIND(I$2,$A2217,FIND(I$1,$A2217))-(FIND(I$1,$A2217)+LEN(I$1))))) -> 4220341 | J2217: =IF(OR($D2217="",$E2217=""),"",$E2217^2+2*$E2217*$D2217-$D2217^2) -> 2314151 | K2217: =IF($A2217="","",VALUE(MID($A2217,FIND(K$1,$A2217)+LEN(K$1),FIND(K$2,$A2217,FIND(K$1,$A2217))-(FIND(K$1,$A2217)+LEN(K$1))))) -> 5548753 | L2217: =IF($A2217="","",VALUE(MID($A2217,FIND(L$1,$A2217)+LEN(L$1),FIND(L$2,$A2217,FIND(L$1,$A2217))-(FIND(L$1,$A2217)+LEN(L$1))))) -> 5250073 | M2217: =IF(OR($F2217="",$G2217=""),"",$G2217^2+2*$G2217*$F2217-$F2217^2) -> 4933343 | N2217: =IF(OR($H2217="",$I2217="",$J2217="",$K2217="",$L2217="",$M2217=""),"",GCD($H2217:$M2217)) -> 1 | O2217: =IF($A2217="","",MID($A2217,FIND(" ",$A2217,FIND(L$1,$A2217))+1,1)) -> C | P2217: =IF(A2217="","",TRIM(SUBSTITUTE(SUBSTITUTE(RIGHT(A2217,LEN(A2217)-FIND("=",A2217,FIND("]",A2217,FIND("]",A2217)+1))),"^2",""),".",""))) -> 9,495,316,796,857 | Q2217: =IF(OR($H2217="",$L2217="",$N2217=""),"",$H2217*$L2217/$N2217) -> 28883638864537 | R2217: =IF(OR($K2217="",$I2217="",$N2217=""),"",$K2217*$I2217/$N2217) -> 23417629784773 | S2217: =IF(OR($O2217<>UPPER(S$2),$N2217=""),"",IF($P2217="",-1,$P2217/$N2217)) -> 9495316796857 | T2217: =IF(OR($O2217<>UPPER(T$2),$N2217=""),"",IF($P2217="",-1,$P2217/$N2217)) | U2217: =IF(OR($I2217="",$L2217="",$N2217=""),"",$I2217*$L2217/$N2217) -> 22157098334893 | V2217: =IF(OR($O2217<>UPPER(V$2),$N2217=""),"",IF($P2217="",-1,$P2217/$N2217)) | W2217: =IF(OR($O2217<>UPPER(W$2),$N2217=""),"",IF($P2217="",-1,$P2217/$N2217)) | X2217: =IF(OR($M2217="",$I2217="",$N2217=""),"",$M2217*$I2217/$N2217) -> 20820389729963 | Y2217: =IF(OR($J2217="",$L2217="",$N2217=""),"",$J2217*$L2217/$N2217) -> 12149461683023
B2218: =IF(A2218="","",IF(COUNTIF(C$2:C2217,C2218)>0,"Duplicate",IF(LEFT(C2218,LEN(C2218)-1)=LEFT(OFFSET(C2218,-1,0),LEN(OFFSET(C2218,-1,0))-1),"2 Sols",""))) | C2218: =IF(A2218="","",RIGHT("00000"&IF(OR($D2218="",$E2218="",$F2218="",$G2218=""),"",IF($D2218>=$F2218,$D2218,$F2218)),5)&"-" &RIGHT("00000"&IF(OR($D2218="",$E2218="",$F2218="",$G2218=""),"",IF($D2218=$F2218,IF($E2218>=$G2218,$E2218,$G2218),IF($D2218>$F2218,$E2218,$G2218))),5)&"-" &RIGHT("00000"&IF(OR($D2218="",$E2218="",$F2218="",$G2218=""),"",IF($D2218<$F2218,$D2218,$F2218)),5)&"-" &RIGHT("00000"&IF(OR($D2218="",$E2218="",$F2218="",$G2218=""),"",IF($D2218=$F2218,IF($E2218<$G2218,$E2218,$G2218),IF($D2218<$F2218,$E2218,$G2218))),5)&"-"&O2218) | D2218: =IF($A2218="","",VALUE(MID($A2218,FIND(D$1,$A2218)+LEN(D$1),FIND(D$2,$A2218,FIND(D$1,$A2218))-(FIND(D$1,$A2218)+LEN(D$1))))) | E2218: =IF($A2218="","",VALUE(MID($A2218,FIND(E$1,$A2218)+LEN(E$1),FIND(E$2,$A2218,FIND(E$1,$A2218))-(FIND(E$1,$A2218)+LEN(E$1))))) | F2218: =IF($A2218="","",VALUE(MID($A2218,FIND(F$1,$A2218)+LEN(F$1),FIND(F$2,$A2218,FIND(F$1,$A2218))-(FIND(F$1,$A2218)+LEN(F$1))))) | G2218: =IF($A2218="","",VALUE(MID($A2218,FIND(G$1,$A2218)+LEN(G$1),FIND(G$2,$A2218,FIND(G$1,$A2218))-(FIND(G$1,$A2218)+LEN(G$1))))) | H2218: =IF($A2218="","",VALUE(MID($A2218,FIND(H$1,$A2218)+LEN(H$1),FIND(H$2,$A2218,FIND(H$1,$A2218))-(FIND(H$1,$A2218)+LEN(H$1))))) | I2218: =IF($A2218="","",VALUE(MID($A2218,FIND(I$1,$A2218)+LEN(I$1),FIND(I$2,$A2218,FIND(I$1,$A2218))-(FIND(I$1,$A2218)+LEN(I$1))))) | J2218: =IF(OR($D2218="",$E2218=""),"",$E2218^2+2*$E2218*$D2218-$D2218^2) | K2218: =IF($A2218="","",VALUE(MID($A2218,FIND(K$1,$A2218)+LEN(K$1),FIND(K$2,$A2218,FIND(K$1,$A2218))-(FIND(K$1,$A2218)+LEN(K$1))))) | L2218: =IF($A2218="","",VALUE(MID($A2218,FIND(L$1,$A2218)+LEN(L$1),FIND(L$2,$A2218,FIND(L$1,$A2218))-(FIND(L$1,$A2218)+LEN(L$1))))) | M2218: =IF(OR($F2218="",$G2218=""),"",$G2218^2+2*$G2218*$F2218-$F2218^2) | N2218: =IF(OR($H2218="",$I2218="",$J2218="",$K2218="",$L2218="",$M2218=""),"",GCD($H2218:$M2218)) | O2218: =IF($A2218="","",MID($A2218,FIND(" ",$A2218,FIND(L$1,$A2218))+1,1)) | P2218: =IF(A2218="","",TRIM(SUBSTITUTE(SUBSTITUTE(RIGHT(A2218,LEN(A2218)-FIND("=",A2218,FIND("]",A2218,FIND("]",A2218)+1))),"^2",""),".",""))) | Q2218: =IF(OR($H2218="",$L2218="",$N2218=""),"",$H2218*$L2218/$N2218) | R2218: =IF(OR($K2218="",$I2218="",$N2218=""),"",$K2218*$I2218/$N2218) | S2218: =IF(OR($O2218<>UPPER(S$2),$N2218=""),"",IF($P2218="",-1,$P2218/$N2218)) | T2218: =IF(OR($O2218<>UPPER(T$2),$N2218=""),"",IF($P2218="",-1,$P2218/$N2218)) | U2218: =IF(OR($I2218="",$L2218="",$N2218=""),"",$I2218*$L2218/$N2218) | V2218: =IF(OR($O2218<>UPPER(V$2),$N2218=""),"",IF($P2218="",-1,$P2218/$N2218)) | W2218: =IF(OR($O2218<>UPPER(W$2),$N2218=""),"",IF($P2218="",-1,$P2218/$N2218)) | X2218: =IF(OR($M2218="",$I2218="",$N2218=""),"",$M2218*$I2218/$N2218) | Y2218: =IF(OR($J2218="",$L2218="",$N2218=""),"",$J2218*$L2218/$N2218)
B2219: =IF(A2219="","",IF(COUNTIF(C$2:C2218,C2219)>0,"Duplicate",IF(LEFT(C2219,LEN(C2219)-1)=LEFT(OFFSET(C2219,-1,0),LEN(OFFSET(C2219,-1,0))-1),"2 Sols",""))) | C2219: =IF(A2219="","",RIGHT("00000"&IF(OR($D2219="",$E2219="",$F2219="",$G2219=""),"",IF($D2219>=$F2219,$D2219,$F2219)),5)&"-" &RIGHT("00000"&IF(OR($D2219="",$E2219="",$F2219="",$G2219=""),"",IF($D2219=$F2219,IF($E2219>=$G2219,$E2219,$G2219),IF($D2219>$F2219,$E2219,$G2219))),5)&"-" &RIGHT("00000"&IF(OR($D2219="",$E2219="",$F2219="",$G2219=""),"",IF($D2219<$F2219,$D2219,$F2219)),5)&"-" &RIGHT("00000"&IF(OR($D2219="",$E2219="",$F2219="",$G2219=""),"",IF($D2219=$F2219,IF($E2219<$G2219,$E2219,$G2219),IF($D2219<$F2219,$E2219,$G2219))),5)&"-"&O2219) | D2219: =IF($A2219="","",VALUE(MID($A2219,FIND(D$1,$A2219)+LEN(D$1),FIND(D$2,$A2219,FIND(D$1,$A2219))-(FIND(D$1,$A2219)+LEN(D$1))))) | E2219: =IF($A2219="","",VALUE(MID($A2219,FIND(E$1,$A2219)+LEN(E$1),FIND(E$2,$A2219,FIND(E$1,$A2219))-(FIND(E$1,$A2219)+LEN(E$1))))) | F2219: =IF($A2219="","",VALUE(MID($A2219,FIND(F$1,$A2219)+LEN(F$1),FIND(F$2,$A2219,FIND(F$1,$A2219))-(FIND(F$1,$A2219)+LEN(F$1))))) | G2219: =IF($A2219="","",VALUE(MID($A2219,FIND(G$1,$A2219)+LEN(G$1),FIND(G$2,$A2219,FIND(G$1,$A2219))-(FIND(G$1,$A2219)+LEN(G$1))))) | H2219: =IF($A2219="","",VALUE(MID($A2219,FIND(H$1,$A2219)+LEN(H$1),FIND(H$2,$A2219,FIND(H$1,$A2219))-(FIND(H$1,$A2219)+LEN(H$1))))) | I2219: =IF($A2219="","",VALUE(MID($A2219,FIND(I$1,$A2219)+LEN(I$1),FIND(I$2,$A2219,FIND(I$1,$A2219))-(FIND(I$1,$A2219)+LEN(I$1))))) | J2219: =IF(OR($D2219="",$E2219=""),"",$E2219^2+2*$E2219*$D2219-$D2219^2) | K2219: =IF($A2219="","",VALUE(MID($A2219,FIND(K$1,$A2219)+LEN(K$1),FIND(K$2,$A2219,FIND(K$1,$A2219))-(FIND(K$1,$A2219)+LEN(K$1))))) | L2219: =IF($A2219="","",VALUE(MID($A2219,FIND(L$1,$A2219)+LEN(L$1),FIND(L$2,$A2219,FIND(L$1,$A2219))-(FIND(L$1,$A2219)+LEN(L$1))))) | M2219: =IF(OR($F2219="",$G2219=""),"",$G2219^2+2*$G2219*$F2219-$F2219^2) | N2219: =IF(OR($H2219="",$I2219="",$J2219="",$K2219="",$L2219="",$M2219=""),"",GCD($H2219:$M2219)) | O2219: =IF($A2219="","",MID($A2219,FIND(" ",$A2219,FIND(L$1,$A2219))+1,1)) | P2219: =IF(A2219="","",TRIM(SUBSTITUTE(SUBSTITUTE(RIGHT(A2219,LEN(A2219)-FIND("=",A2219,FIND("]",A2219,FIND("]",A2219)+1))),"^2",""),".",""))) | Q2219: =IF(OR($H2219="",$L2219="",$N2219=""),"",$H2219*$L2219/$N2219) | R2219: =IF(OR($K2219="",$I2219="",$N2219=""),"",$K2219*$I2219/$N2219) | S2219: =IF(OR($O2219<>UPPER(S$2),$N2219=""),"",IF($P2219="",-1,$P2219/$N2219)) | T2219: =IF(OR($O2219<>UPPER(T$2),$N2219=""),"",IF($P2219="",-1,$P2219/$N2219)) | U2219: =IF(OR($I2219="",$L2219="",$N2219=""),"",$I2219*$L2219/$N2219) | V2219: =IF(OR($O2219<>UPPER(V$2),$N2219=""),"",IF($P2219="",-1,$P2219/$N2219)) | W2219: =IF(OR($O2219<>UPPER(W$2),$N2219=""),"",IF($P2219="",-1,$P2219/$N2219)) | X2219: =IF(OR($M2219="",$I2219="",$N2219=""),"",$M2219*$I2219/$N2219) | Y2219: =IF(OR($J2219="",$L2219="",$N2219=""),"",$J2219*$L2219/$N2219)
B2220: =IF(A2220="","",IF(COUNTIF(C$2:C2219,C2220)>0,"Duplicate",IF(LEFT(C2220,LEN(C2220)-1)=LEFT(OFFSET(C2220,-1,0),LEN(OFFSET(C2220,-1,0))-1),"2 Sols",""))) | C2220: =IF(A2220="","",RIGHT("00000"&IF(OR($D2220="",$E2220="",$F2220="",$G2220=""),"",IF($D2220>=$F2220,$D2220,$F2220)),5)&"-" &RIGHT("00000"&IF(OR($D2220="",$E2220="",$F2220="",$G2220=""),"",IF($D2220=$F2220,IF($E2220>=$G2220,$E2220,$G2220),IF($D2220>$F2220,$E2220,$G2220))),5)&"-" &RIGHT("00000"&IF(OR($D2220="",$E2220="",$F2220="",$G2220=""),"",IF($D2220<$F2220,$D2220,$F2220)),5)&"-" &RIGHT("00000"&IF(OR($D2220="",$E2220="",$F2220="",$G2220=""),"",IF($D2220=$F2220,IF($E2220<$G2220,$E2220,$G2220),IF($D2220<$F2220,$E2220,$G2220))),5)&"-"&O2220) | D2220: =IF($A2220="","",VALUE(MID($A2220,FIND(D$1,$A2220)+LEN(D$1),FIND(D$2,$A2220,FIND(D$1,$A2220))-(FIND(D$1,$A2220)+LEN(D$1))))) | E2220: =IF($A2220="","",VALUE(MID($A2220,FIND(E$1,$A2220)+LEN(E$1),FIND(E$2,$A2220,FIND(E$1,$A2220))-(FIND(E$1,$A2220)+LEN(E$1))))) | F2220: =IF($A2220="","",VALUE(MID($A2220,FIND(F$1,$A2220)+LEN(F$1),FIND(F$2,$A2220,FIND(F$1,$A2220))-(FIND(F$1,$A2220)+LEN(F$1))))) | G2220: =IF($A2220="","",VALUE(MID($A2220,FIND(G$1,$A2220)+LEN(G$1),FIND(G$2,$A2220,FIND(G$1,$A2220))-(FIND(G$1,$A2220)+LEN(G$1))))) | H2220: =IF($A2220="","",VALUE(MID($A2220,FIND(H$1,$A2220)+LEN(H$1),FIND(H$2,$A2220,FIND(H$1,$A2220))-(FIND(H$1,$A2220)+LEN(H$1))))) | I2220: =IF($A2220="","",VALUE(MID($A2220,FIND(I$1,$A2220)+LEN(I$1),FIND(I$2,$A2220,FIND(I$1,$A2220))-(FIND(I$1,$A2220)+LEN(I$1))))) | J2220: =IF(OR($D2220="",$E2220=""),"",$E2220^2+2*$E2220*$D2220-$D2220^2) | K2220: =IF($A2220="","",VALUE(MID($A2220,FIND(K$1,$A2220)+LEN(K$1),FIND(K$2,$A2220,FIND(K$1,$A2220))-(FIND(K$1,$A2220)+LEN(K$1))))) | L2220: =IF($A2220="","",VALUE(MID($A2220,FIND(L$1,$A2220)+LEN(L$1),FIND(L$2,$A2220,FIND(L$1,$A2220))-(FIND(L$1,$A2220)+LEN(L$1))))) | M2220: =IF(OR($F2220="",$G2220=""),"",$G2220^2+2*$G2220*$F2220-$F2220^2) | N2220: =IF(OR($H2220="",$I2220="",$J2220="",$K2220="",$L2220="",$M2220=""),"",GCD($H2220:$M2220)) | O2220: =IF($A2220="","",MID($A2220,FIND(" ",$A2220,FIND(L$1,$A2220))+1,1)) | P2220: =IF(A2220="","",TRIM(SUBSTITUTE(SUBSTITUTE(RIGHT(A2220,LEN(A2220)-FIND("=",A2220,FIND("]",A2220,FIND("]",A2220)+1))),"^2",""),".",""))) | Q2220: =IF(OR($H2220="",$L2220="",$N2220=""),"",$H2220*$L2220/$N2220) | R2220: =IF(OR($K2220="",$I2220="",$N2220=""),"",$K2220*$I2220/$N2220) | S2220: =IF(OR($O2220<>UPPER(S$2),$N2220=""),"",IF($P2220="",-1,$P2220/$N2220)) | T2220: =IF(OR($O2220<>UPPER(T$2),$N2220=""),"",IF($P2220="",-1,$P2220/$N2220)) | U2220: =IF(OR($I2220="",$L2220="",$N2220=""),"",$I2220*$L2220/$N2220) | V2220: =IF(OR($O2220<>UPPER(V$2),$N2220=""),"",IF($P2220="",-1,$P2220/$N2220)) | W2220: =IF(OR($O2220<>UPPER(W$2),$N2220=""),"",IF($P2220="",-1,$P2220/$N2220)) | X2220: =IF(OR($M2220="",$I2220="",$N2220=""),"",$M2220*$I2220/$N2220) | Y2220: =IF(OR($J2220="",$L2220="",$N2220=""),"",$J2220*$L2220/$N2220)
B2221: =IF(A2221="","",IF(COUNTIF(C$2:C2220,C2221)>0,"Duplicate",IF(LEFT(C2221,LEN(C2221)-1)=LEFT(OFFSET(C2221,-1,0),LEN(OFFSET(C2221,-1,0))-1),"2 Sols",""))) | C2221: =IF(A2221="","",RIGHT("00000"&IF(OR($D2221="",$E2221="",$F2221="",$G2221=""),"",IF($D2221>=$F2221,$D2221,$F2221)),5)&"-" &RIGHT("00000"&IF(OR($D2221="",$E2221="",$F2221="",$G2221=""),"",IF($D2221=$F2221,IF($E2221>=$G2221,$E2221,$G2221),IF($D2221>$F2221,$E2221,$G2221))),5)&"-" &RIGHT("00000"&IF(OR($D2221="",$E2221="",$F2221="",$G2221=""),"",IF($D2221<$F2221,$D2221,$F2221)),5)&"-" &RIGHT("00000"&IF(OR($D2221="",$E2221="",$F2221="",$G2221=""),"",IF($D2221=$F2221,IF($E2221<$G2221,$E2221,$G2221),IF($D2221<$F2221,$E2221,$G2221))),5)&"-"&O2221) | D2221: =IF($A2221="","",VALUE(MID($A2221,FIND(D$1,$A2221)+LEN(D$1),FIND(D$2,$A2221,FIND(D$1,$A2221))-(FIND(D$1,$A2221)+LEN(D$1))))) | E2221: =IF($A2221="","",VALUE(MID($A2221,FIND(E$1,$A2221)+LEN(E$1),FIND(E$2,$A2221,FIND(E$1,$A2221))-(FIND(E$1,$A2221)+LEN(E$1))))) | F2221: =IF($A2221="","",VALUE(MID($A2221,FIND(F$1,$A2221)+LEN(F$1),FIND(F$2,$A2221,FIND(F$1,$A2221))-(FIND(F$1,$A2221)+LEN(F$1))))) | G2221: =IF($A2221="","",VALUE(MID($A2221,FIND(G$1,$A2221)+LEN(G$1),FIND(G$2,$A2221,FIND(G$1,$A2221))-(FIND(G$1,$A2221)+LEN(G$1))))) | H2221: =IF($A2221="","",VALUE(MID($A2221,FIND(H$1,$A2221)+LEN(H$1),FIND(H$2,$A2221,FIND(H$1,$A2221))-(FIND(H$1,$A2221)+LEN(H$1))))) | I2221: =IF($A2221="","",VALUE(MID($A2221,FIND(I$1,$A2221)+LEN(I$1),FIND(I$2,$A2221,FIND(I$1,$A2221))-(FIND(I$1,$A2221)+LEN(I$1))))) | J2221: =IF(OR($D2221="",$E2221=""),"",$E2221^2+2*$E2221*$D2221-$D2221^2) | K2221: =IF($A2221="","",VALUE(MID($A2221,FIND(K$1,$A2221)+LEN(K$1),FIND(K$2,$A2221,FIND(K$1,$A2221))-(FIND(K$1,$A2221)+LEN(K$1))))) | L2221: =IF($A2221="","",VALUE(MID($A2221,FIND(L$1,$A2221)+LEN(L$1),FIND(L$2,$A2221,FIND(L$1,$A2221))-(FIND(L$1,$A2221)+LEN(L$1))))) | M2221: =IF(OR($F2221="",$G2221=""),"",$G2221^2+2*$G2221*$F2221-$F2221^2) | N2221: =IF(OR($H2221="",$I2221="",$J2221="",$K2221="",$L2221="",$M2221=""),"",GCD($H2221:$M2221)) | O2221: =IF($A2221="","",MID($A2221,FIND(" ",$A2221,FIND(L$1,$A2221))+1,1)) | P2221: =IF(A2221="","",TRIM(SUBSTITUTE(SUBSTITUTE(RIGHT(A2221,LEN(A2221)-FIND("=",A2221,FIND("]",A2221,FIND("]",A2221)+1))),"^2",""),".",""))) | Q2221: =IF(OR($H2221="",$L2221="",$N2221=""),"",$H2221*$L2221/$N2221) | R2221: =IF(OR($K2221="",$I2221="",$N2221=""),"",$K2221*$I2221/$N2221) | S2221: =IF(OR($O2221<>UPPER(S$2),$N2221=""),"",IF($P2221="",-1,$P2221/$N2221)) | T2221: =IF(OR($O2221<>UPPER(T$2),$N2221=""),"",IF($P2221="",-1,$P2221/$N2221)) | U2221: =IF(OR($I2221="",$L2221="",$N2221=""),"",$I2221*$L2221/$N2221) | V2221: =IF(OR($O2221<>UPPER(V$2),$N2221=""),"",IF($P2221="",-1,$P2221/$N2221)) | W2221: =IF(OR($O2221<>UPPER(W$2),$N2221=""),"",IF($P2221="",-1,$P2221/$N2221)) | X2221: =IF(OR($M2221="",$I2221="",$N2221=""),"",$M2221*$I2221/$N2221) | Y2221: =IF(OR($J2221="",$L2221="",$N2221=""),"",$J2221*$L2221/$N2221)
B2222: =IF(A2222="","",IF(COUNTIF(C$2:C2221,C2222)>0,"Duplicate",IF(LEFT(C2222,LEN(C2222)-1)=LEFT(OFFSET(C2222,-1,0),LEN(OFFSET(C2222,-1,0))-1),"2 Sols",""))) | C2222: =IF(A2222="","",RIGHT("00000"&IF(OR($D2222="",$E2222="",$F2222="",$G2222=""),"",IF($D2222>=$F2222,$D2222,$F2222)),5)&"-" &RIGHT("00000"&IF(OR($D2222="",$E2222="",$F2222="",$G2222=""),"",IF($D2222=$F2222,IF($E2222>=$G2222,$E2222,$G2222),IF($D2222>$F2222,$E2222,$G2222))),5)&"-" &RIGHT("00000"&IF(OR($D2222="",$E2222="",$F2222="",$G2222=""),"",IF($D2222<$F2222,$D2222,$F2222)),5)&"-" &RIGHT("00000"&IF(OR($D2222="",$E2222="",$F2222="",$G2222=""),"",IF($D2222=$F2222,IF($E2222<$G2222,$E2222,$G2222),IF($D2222<$F2222,$E2222,$G2222))),5)&"-"&O2222) | D2222: =IF($A2222="","",VALUE(MID($A2222,FIND(D$1,$A2222)+LEN(D$1),FIND(D$2,$A2222,FIND(D$1,$A2222))-(FIND(D$1,$A2222)+LEN(D$1))))) | E2222: =IF($A2222="","",VALUE(MID($A2222,FIND(E$1,$A2222)+LEN(E$1),FIND(E$2,$A2222,FIND(E$1,$A2222))-(FIND(E$1,$A2222)+LEN(E$1))))) | F2222: =IF($A2222="","",VALUE(MID($A2222,FIND(F$1,$A2222)+LEN(F$1),FIND(F$2,$A2222,FIND(F$1,$A2222))-(FIND(F$1,$A2222)+LEN(F$1))))) | G2222: =IF($A2222="","",VALUE(MID($A2222,FIND(G$1,$A2222)+LEN(G$1),FIND(G$2,$A2222,FIND(G$1,$A2222))-(FIND(G$1,$A2222)+LEN(G$1))))) | H2222: =IF($A2222="","",VALUE(MID($A2222,FIND(H$1,$A2222)+LEN(H$1),FIND(H$2,$A2222,FIND(H$1,$A2222))-(FIND(H$1,$A2222)+LEN(H$1))))) | I2222: =IF($A2222="","",VALUE(MID($A2222,FIND(I$1,$A2222)+LEN(I$1),FIND(I$2,$A2222,FIND(I$1,$A2222))-(FIND(I$1,$A2222)+LEN(I$1))))) | J2222: =IF(OR($D2222="",$E2222=""),"",$E2222^2+2*$E2222*$D2222-$D2222^2) | K2222: =IF($A2222="","",VALUE(MID($A2222,FIND(K$1,$A2222)+LEN(K$1),FIND(K$2,$A2222,FIND(K$1,$A2222))-(FIND(K$1,$A2222)+LEN(K$1))))) | L2222: =IF($A2222="","",VALUE(MID($A2222,FIND(L$1,$A2222)+LEN(L$1),FIND(L$2,$A2222,FIND(L$1,$A2222))-(FIND(L$1,$A2222)+LEN(L$1))))) | M2222: =IF(OR($F2222="",$G2222=""),"",$G2222^2+2*$G2222*$F2222-$F2222^2) | N2222: =IF(OR($H2222="",$I2222="",$J2222="",$K2222="",$L2222="",$M2222=""),"",GCD($H2222:$M2222)) | O2222: =IF($A2222="","",MID($A2222,FIND(" ",$A2222,FIND(L$1,$A2222))+1,1)) | P2222: =IF(A2222="","",TRIM(SUBSTITUTE(SUBSTITUTE(RIGHT(A2222,LEN(A2222)-FIND("=",A2222,FIND("]",A2222,FIND("]",A2222)+1))),"^2",""),".",""))) | Q2222: =IF(OR($H2222="",$L2222="",$N2222=""),"",$H2222*$L2222/$N2222) | R2222: =IF(OR($K2222="",$I2222="",$N2222=""),"",$K2222*$I2222/$N2222) | S2222: =IF(OR($O2222<>UPPER(S$2),$N2222=""),"",IF($P2222="",-1,$P2222/$N2222)) | T2222: =IF(OR($O2222<>UPPER(T$2),$N2222=""),"",IF($P2222="",-1,$P2222/$N2222)) | U2222: =IF(OR($I2222="",$L2222="",$N2222=""),"",$I2222*$L2222/$N2222) | V2222: =IF(OR($O2222<>UPPER(V$2),$N2222=""),"",IF($P2222="",-1,$P2222/$N2222)) | W2222: =IF(OR($O2222<>UPPER(W$2),$N2222=""),"",IF($P2222="",-1,$P2222/$N2222)) | X2222: =IF(OR($M2222="",$I2222="",$N2222=""),"",$M2222*$I2222/$N2222) | Y2222: =IF(OR($J2222="",$L2222="",$N2222=""),"",$J2222*$L2222/$N2222)
B2223: =IF(A2223="","",IF(COUNTIF(C$2:C2222,C2223)>0,"Duplicate",IF(LEFT(C2223,LEN(C2223)-1)=LEFT(OFFSET(C2223,-1,0),LEN(OFFSET(C2223,-1,0))-1),"2 Sols",""))) | C2223: =IF(A2223="","",RIGHT("00000"&IF(OR($D2223="",$E2223="",$F2223="",$G2223=""),"",IF($D2223>=$F2223,$D2223,$F2223)),5)&"-" &RIGHT("00000"&IF(OR($D2223="",$E2223="",$F2223="",$G2223=""),"",IF($D2223=$F2223,IF($E2223>=$G2223,$E2223,$G2223),IF($D2223>$F2223,$E2223,$G2223))),5)&"-" &RIGHT("00000"&IF(OR($D2223="",$E2223="",$F2223="",$G2223=""),"",IF($D2223<$F2223,$D2223,$F2223)),5)&"-" &RIGHT("00000"&IF(OR($D2223="",$E2223="",$F2223="",$G2223=""),"",IF($D2223=$F2223,IF($E2223<$G2223,$E2223,$G2223),IF($D2223<$F2223,$E2223,$G2223))),5)&"-"&O2223) | D2223: =IF($A2223="","",VALUE(MID($A2223,FIND(D$1,$A2223)+LEN(D$1),FIND(D$2,$A2223,FIND(D$1,$A2223))-(FIND(D$1,$A2223)+LEN(D$1))))) | E2223: =IF($A2223="","",VALUE(MID($A2223,FIND(E$1,$A2223)+LEN(E$1),FIND(E$2,$A2223,FIND(E$1,$A2223))-(FIND(E$1,$A2223)+LEN(E$1))))) | F2223: =IF($A2223="","",VALUE(MID($A2223,FIND(F$1,$A2223)+LEN(F$1),FIND(F$2,$A2223,FIND(F$1,$A2223))-(FIND(F$1,$A2223)+LEN(F$1))))) | G2223: =IF($A2223="","",VALUE(MID($A2223,FIND(G$1,$A2223)+LEN(G$1),FIND(G$2,$A2223,FIND(G$1,$A2223))-(FIND(G$1,$A2223)+LEN(G$1))))) | H2223: =IF($A2223="","",VALUE(MID($A2223,FIND(H$1,$A2223)+LEN(H$1),FIND(H$2,$A2223,FIND(H$1,$A2223))-(FIND(H$1,$A2223)+LEN(H$1))))) | I2223: =IF($A2223="","",VALUE(MID($A2223,FIND(I$1,$A2223)+LEN(I$1),FIND(I$2,$A2223,FIND(I$1,$A2223))-(FIND(I$1,$A2223)+LEN(I$1))))) | J2223: =IF(OR($D2223="",$E2223=""),"",$E2223^2+2*$E2223*$D2223-$D2223^2) | K2223: =IF($A2223="","",VALUE(MID($A2223,FIND(K$1,$A2223)+LEN(K$1),FIND(K$2,$A2223,FIND(K$1,$A2223))-(FIND(K$1,$A2223)+LEN(K$1))))) | L2223: =IF($A2223="","",VALUE(MID($A2223,FIND(L$1,$A2223)+LEN(L$1),FIND(L$2,$A2223,FIND(L$1,$A2223))-(FIND(L$1,$A2223)+LEN(L$1))))) | M2223: =IF(OR($F2223="",$G2223=""),"",$G2223^2+2*$G2223*$F2223-$F2223^2) | N2223: =IF(OR($H2223="",$I2223="",$J2223="",$K2223="",$L2223="",$M2223=""),"",GCD($H2223:$M2223)) | O2223: =IF($A2223="","",MID($A2223,FIND(" ",$A2223,FIND(L$1,$A2223))+1,1)) | P2223: =IF(A2223="","",TRIM(SUBSTITUTE(SUBSTITUTE(RIGHT(A2223,LEN(A2223)-FIND("=",A2223,FIND("]",A2223,FIND("]",A2223)+1))),"^2",""),".",""))) | Q2223: =IF(OR($H2223="",$L2223="",$N2223=""),"",$H2223*$L2223/$N2223) | R2223: =IF(OR($K2223="",$I2223="",$N2223=""),"",$K2223*$I2223/$N2223) | S2223: =IF(OR($O2223<>UPPER(S$2),$N2223=""),"",IF($P2223="",-1,$P2223/$N2223)) | T2223: =IF(OR($O2223<>UPPER(T$2),$N2223=""),"",IF($P2223="",-1,$P2223/$N2223)) | U2223: =IF(OR($I2223="",$L2223="",$N2223=""),"",$I2223*$L2223/$N2223) | V2223: =IF(OR($O2223<>UPPER(V$2),$N2223=""),"",IF($P2223="",-1,$P2223/$N2223)) | W2223: =IF(OR($O2223<>UPPER(W$2),$N2223=""),"",IF($P2223="",-1,$P2223/$N2223)) | X2223: =IF(OR($M2223="",$I2223="",$N2223=""),"",$M2223*$I2223/$N2223) | Y2223: =IF(OR($J2223="",$L2223="",$N2223=""),"",$J2223*$L2223/$N2223)
B2224: =IF(A2224="","",IF(COUNTIF(C$2:C2223,C2224)>0,"Duplicate",IF(LEFT(C2224,LEN(C2224)-1)=LEFT(OFFSET(C2224,-1,0),LEN(OFFSET(C2224,-1,0))-1),"2 Sols",""))) | C2224: =IF(A2224="","",RIGHT("00000"&IF(OR($D2224="",$E2224="",$F2224="",$G2224=""),"",IF($D2224>=$F2224,$D2224,$F2224)),5)&"-" &RIGHT("00000"&IF(OR($D2224="",$E2224="",$F2224="",$G2224=""),"",IF($D2224=$F2224,IF($E2224>=$G2224,$E2224,$G2224),IF($D2224>$F2224,$E2224,$G2224))),5)&"-" &RIGHT("00000"&IF(OR($D2224="",$E2224="",$F2224="",$G2224=""),"",IF($D2224<$F2224,$D2224,$F2224)),5)&"-" &RIGHT("00000"&IF(OR($D2224="",$E2224="",$F2224="",$G2224=""),"",IF($D2224=$F2224,IF($E2224<$G2224,$E2224,$G2224),IF($D2224<$F2224,$E2224,$G2224))),5)&"-"&O2224) | D2224: =IF($A2224="","",VALUE(MID($A2224,FIND(D$1,$A2224)+LEN(D$1),FIND(D$2,$A2224,FIND(D$1,$A2224))-(FIND(D$1,$A2224)+LEN(D$1))))) | E2224: =IF($A2224="","",VALUE(MID($A2224,FIND(E$1,$A2224)+LEN(E$1),FIND(E$2,$A2224,FIND(E$1,$A2224))-(FIND(E$1,$A2224)+LEN(E$1))))) | F2224: =IF($A2224="","",VALUE(MID($A2224,FIND(F$1,$A2224)+LEN(F$1),FIND(F$2,$A2224,FIND(F$1,$A2224))-(FIND(F$1,$A2224)+LEN(F$1))))) | G2224: =IF($A2224="","",VALUE(MID($A2224,FIND(G$1,$A2224)+LEN(G$1),FIND(G$2,$A2224,FIND(G$1,$A2224))-(FIND(G$1,$A2224)+LEN(G$1))))) | H2224: =IF($A2224="","",VALUE(MID($A2224,FIND(H$1,$A2224)+LEN(H$1),FIND(H$2,$A2224,FIND(H$1,$A2224))-(FIND(H$1,$A2224)+LEN(H$1))))) | I2224: =IF($A2224="","",VALUE(MID($A2224,FIND(I$1,$A2224)+LEN(I$1),FIND(I$2,$A2224,FIND(I$1,$A2224))-(FIND(I$1,$A2224)+LEN(I$1))))) | J2224: =IF(OR($D2224="",$E2224=""),"",$E2224^2+2*$E2224*$D2224-$D2224^2) | K2224: =IF($A2224="","",VALUE(MID($A2224,FIND(K$1,$A2224)+LEN(K$1),FIND(K$2,$A2224,FIND(K$1,$A2224))-(FIND(K$1,$A2224)+LEN(K$1))))) | L2224: =IF($A2224="","",VALUE(MID($A2224,FIND(L$1,$A2224)+LEN(L$1),FIND(L$2,$A2224,FIND(L$1,$A2224))-(FIND(L$1,$A2224)+LEN(L$1))))) | M2224: =IF(OR($F2224="",$G2224=""),"",$G2224^2+2*$G2224*$F2224-$F2224^2) | N2224: =IF(OR($H2224="",$I2224="",$J2224="",$K2224="",$L2224="",$M2224=""),"",GCD($H2224:$M2224)) | O2224: =IF($A2224="","",MID($A2224,FIND(" ",$A2224,FIND(L$1,$A2224))+1,1)) | P2224: =IF(A2224="","",TRIM(SUBSTITUTE(SUBSTITUTE(RIGHT(A2224,LEN(A2224)-FIND("=",A2224,FIND("]",A2224,FIND("]",A2224)+1))),"^2",""),".",""))) | Q2224: =IF(OR($H2224="",$L2224="",$N2224=""),"",$H2224*$L2224/$N2224) | R2224: =IF(OR($K2224="",$I2224="",$N2224=""),"",$K2224*$I2224/$N2224) | S2224: =IF(OR($O2224<>UPPER(S$2),$N2224=""),"",IF($P2224="",-1,$P2224/$N2224)) | T2224: =IF(OR($O2224<>UPPER(T$2),$N2224=""),"",IF($P2224="",-1,$P2224/$N2224)) | U2224: =IF(OR($I2224="",$L2224="",$N2224=""),"",$I2224*$L2224/$N2224) | V2224: =IF(OR($O2224<>UPPER(V$2),$N2224=""),"",IF($P2224="",-1,$P2224/$N2224)) | W2224: =IF(OR($O2224<>UPPER(W$2),$N2224=""),"",IF($P2224="",-1,$P2224/$N2224)) | X2224: =IF(OR($M2224="",$I2224="",$N2224=""),"",$M2224*$I2224/$N2224) | Y2224: =IF(OR($J2224="",$L2224="",$N2224=""),"",$J2224*$L2224/$N2224)
B2225: =IF(A2225="","",IF(COUNTIF(C$2:C2224,C2225)>0,"Duplicate",IF(LEFT(C2225,LEN(C2225)-1)=LEFT(OFFSET(C2225,-1,0),LEN(OFFSET(C2225,-1,0))-1),"2 Sols",""))) | C2225: =IF(A2225="","",RIGHT("00000"&IF(OR($D2225="",$E2225="",$F2225="",$G2225=""),"",IF($D2225>=$F2225,$D2225,$F2225)),5)&"-" &RIGHT("00000"&IF(OR($D2225="",$E2225="",$F2225="",$G2225=""),"",IF($D2225=$F2225,IF($E2225>=$G2225,$E2225,$G2225),IF($D2225>$F2225,$E2225,$G2225))),5)&"-" &RIGHT("00000"&IF(OR($D2225="",$E2225="",$F2225="",$G2225=""),"",IF($D2225<$F2225,$D2225,$F2225)),5)&"-" &RIGHT("00000"&IF(OR($D2225="",$E2225="",$F2225="",$G2225=""),"",IF($D2225=$F2225,IF($E2225<$G2225,$E2225,$G2225),IF($D2225<$F2225,$E2225,$G2225))),5)&"-"&O2225) | D2225: =IF($A2225="","",VALUE(MID($A2225,FIND(D$1,$A2225)+LEN(D$1),FIND(D$2,$A2225,FIND(D$1,$A2225))-(FIND(D$1,$A2225)+LEN(D$1))))) | E2225: =IF($A2225="","",VALUE(MID($A2225,FIND(E$1,$A2225)+LEN(E$1),FIND(E$2,$A2225,FIND(E$1,$A2225))-(FIND(E$1,$A2225)+LEN(E$1))))) | F2225: =IF($A2225="","",VALUE(MID($A2225,FIND(F$1,$A2225)+LEN(F$1),FIND(F$2,$A2225,FIND(F$1,$A2225))-(FIND(F$1,$A2225)+LEN(F$1))))) | G2225: =IF($A2225="","",VALUE(MID($A2225,FIND(G$1,$A2225)+LEN(G$1),FIND(G$2,$A2225,FIND(G$1,$A2225))-(FIND(G$1,$A2225)+LEN(G$1))))) | H2225: =IF($A2225="","",VALUE(MID($A2225,FIND(H$1,$A2225)+LEN(H$1),FIND(H$2,$A2225,FIND(H$1,$A2225))-(FIND(H$1,$A2225)+LEN(H$1))))) | I2225: =IF($A2225="","",VALUE(MID($A2225,FIND(I$1,$A2225)+LEN(I$1),FIND(I$2,$A2225,FIND(I$1,$A2225))-(FIND(I$1,$A2225)+LEN(I$1))))) | J2225: =IF(OR($D2225="",$E2225=""),"",$E2225^2+2*$E2225*$D2225-$D2225^2) | K2225: =IF($A2225="","",VALUE(MID($A2225,FIND(K$1,$A2225)+LEN(K$1),FIND(K$2,$A2225,FIND(K$1,$A2225))-(FIND(K$1,$A2225)+LEN(K$1))))) | L2225: =IF($A2225="","",VALUE(MID($A2225,FIND(L$1,$A2225)+LEN(L$1),FIND(L$2,$A2225,FIND(L$1,$A2225))-(FIND(L$1,$A2225)+LEN(L$1))))) | M2225: =IF(OR($F2225="",$G2225=""),"",$G2225^2+2*$G2225*$F2225-$F2225^2) | N2225: =IF(OR($H2225="",$I2225="",$J2225="",$K2225="",$L2225="",$M2225=""),"",GCD($H2225:$M2225)) | O2225: =IF($A2225="","",MID($A2225,FIND(" ",$A2225,FIND(L$1,$A2225))+1,1)) | P2225: =IF(A2225="","",TRIM(SUBSTITUTE(SUBSTITUTE(RIGHT(A2225,LEN(A2225)-FIND("=",A2225,FIND("]",A2225,FIND("]",A2225)+1))),"^2",""),".",""))) | Q2225: =IF(OR($H2225="",$L2225="",$N2225=""),"",$H2225*$L2225/$N2225) | R2225: =IF(OR($K2225="",$I2225="",$N2225=""),"",$K2225*$I2225/$N2225) | S2225: =IF(OR($O2225<>UPPER(S$2),$N2225=""),"",IF($P2225="",-1,$P2225/$N2225)) | T2225: =IF(OR($O2225<>UPPER(T$2),$N2225=""),"",IF($P2225="",-1,$P2225/$N2225)) | U2225: =IF(OR($I2225="",$L2225="",$N2225=""),"",$I2225*$L2225/$N2225) | V2225: =IF(OR($O2225<>UPPER(V$2),$N2225=""),"",IF($P2225="",-1,$P2225/$N2225)) | W2225: =IF(OR($O2225<>UPPER(W$2),$N2225=""),"",IF($P2225="",-1,$P2225/$N2225)) | X2225: =IF(OR($M2225="",$I2225="",$N2225=""),"",$M2225*$I2225/$N2225) | Y2225: =IF(OR($J2225="",$L2225="",$N2225=""),"",$J2225*$L2225/$N2225)
B2226: =IF(A2226="","",IF(COUNTIF(C$2:C2225,C2226)>0,"Duplicate",IF(LEFT(C2226,LEN(C2226)-1)=LEFT(OFFSET(C2226,-1,0),LEN(OFFSET(C2226,-1,0))-1),"2 Sols",""))) | C2226: =IF(A2226="","",RIGHT("00000"&IF(OR($D2226="",$E2226="",$F2226="",$G2226=""),"",IF($D2226>=$F2226,$D2226,$F2226)),5)&"-" &RIGHT("00000"&IF(OR($D2226="",$E2226="",$F2226="",$G2226=""),"",IF($D2226=$F2226,IF($E2226>=$G2226,$E2226,$G2226),IF($D2226>$F2226,$E2226,$G2226))),5)&"-" &RIGHT("00000"&IF(OR($D2226="",$E2226="",$F2226="",$G2226=""),"",IF($D2226<$F2226,$D2226,$F2226)),5)&"-" &RIGHT("00000"&IF(OR($D2226="",$E2226="",$F2226="",$G2226=""),"",IF($D2226=$F2226,IF($E2226<$G2226,$E2226,$G2226),IF($D2226<$F2226,$E2226,$G2226))),5)&"-"&O2226) | D2226: =IF($A2226="","",VALUE(MID($A2226,FIND(D$1,$A2226)+LEN(D$1),FIND(D$2,$A2226,FIND(D$1,$A2226))-(FIND(D$1,$A2226)+LEN(D$1))))) | E2226: =IF($A2226="","",VALUE(MID($A2226,FIND(E$1,$A2226)+LEN(E$1),FIND(E$2,$A2226,FIND(E$1,$A2226))-(FIND(E$1,$A2226)+LEN(E$1))))) | F2226: =IF($A2226="","",VALUE(MID($A2226,FIND(F$1,$A2226)+LEN(F$1),FIND(F$2,$A2226,FIND(F$1,$A2226))-(FIND(F$1,$A2226)+LEN(F$1))))) | G2226: =IF($A2226="","",VALUE(MID($A2226,FIND(G$1,$A2226)+LEN(G$1),FIND(G$2,$A2226,FIND(G$1,$A2226))-(FIND(G$1,$A2226)+LEN(G$1))))) | H2226: =IF($A2226="","",VALUE(MID($A2226,FIND(H$1,$A2226)+LEN(H$1),FIND(H$2,$A2226,FIND(H$1,$A2226))-(FIND(H$1,$A2226)+LEN(H$1))))) | I2226: =IF($A2226="","",VALUE(MID($A2226,FIND(I$1,$A2226)+LEN(I$1),FIND(I$2,$A2226,FIND(I$1,$A2226))-(FIND(I$1,$A2226)+LEN(I$1))))) | J2226: =IF(OR($D2226="",$E2226=""),"",$E2226^2+2*$E2226*$D2226-$D2226^2) | K2226: =IF($A2226="","",VALUE(MID($A2226,FIND(K$1,$A2226)+LEN(K$1),FIND(K$2,$A2226,FIND(K$1,$A2226))-(FIND(K$1,$A2226)+LEN(K$1))))) | L2226: =IF($A2226="","",VALUE(MID($A2226,FIND(L$1,$A2226)+LEN(L$1),FIND(L$2,$A2226,FIND(L$1,$A2226))-(FIND(L$1,$A2226)+LEN(L$1))))) | M2226: =IF(OR($F2226="",$G2226=""),"",$G2226^2+2*$G2226*$F2226-$F2226^2) | N2226: =IF(OR($H2226="",$I2226="",$J2226="",$K2226="",$L2226="",$M2226=""),"",GCD($H2226:$M2226)) | O2226: =IF($A2226="","",MID($A2226,FIND(" ",$A2226,FIND(L$1,$A2226))+1,1)) | P2226: =IF(A2226="","",TRIM(SUBSTITUTE(SUBSTITUTE(RIGHT(A2226,LEN(A2226)-FIND("=",A2226,FIND("]",A2226,FIND("]",A2226)+1))),"^2",""),".",""))) | Q2226: =IF(OR($H2226="",$L2226="",$N2226=""),"",$H2226*$L2226/$N2226) | R2226: =IF(OR($K2226="",$I2226="",$N2226=""),"",$K2226*$I2226/$N2226) | S2226: =IF(OR($O2226<>UPPER(S$2),$N2226=""),"",IF($P2226="",-1,$P2226/$N2226)) | T2226: =IF(OR($O2226<>UPPER(T$2),$N2226=""),"",IF($P2226="",-1,$P2226/$N2226)) | U2226: =IF(OR($I2226="",$L2226="",$N2226=""),"",$I2226*$L2226/$N2226) | V2226: =IF(OR($O2226<>UPPER(V$2),$N2226=""),"",IF($P2226="",-1,$P2226/$N2226)) | W2226: =IF(OR($O2226<>UPPER(W$2),$N2226=""),"",IF($P2226="",-1,$P2226/$N2226)) | X2226: =IF(OR($M2226="",$I2226="",$N2226=""),"",$M2226*$I2226/$N2226) | Y2226: =IF(OR($J2226="",$L2226="",$N2226=""),"",$J2226*$L2226/$N2226)
B2227: =IF(A2227="","",IF(COUNTIF(C$2:C2226,C2227)>0,"Duplicate",IF(LEFT(C2227,LEN(C2227)-1)=LEFT(OFFSET(C2227,-1,0),LEN(OFFSET(C2227,-1,0))-1),"2 Sols",""))) | C2227: =IF(A2227="","",RIGHT("00000"&IF(OR($D2227="",$E2227="",$F2227="",$G2227=""),"",IF($D2227>=$F2227,$D2227,$F2227)),5)&"-" &RIGHT("00000"&IF(OR($D2227="",$E2227="",$F2227="",$G2227=""),"",IF($D2227=$F2227,IF($E2227>=$G2227,$E2227,$G2227),IF($D2227>$F2227,$E2227,$G2227))),5)&"-" &RIGHT("00000"&IF(OR($D2227="",$E2227="",$F2227="",$G2227=""),"",IF($D2227<$F2227,$D2227,$F2227)),5)&"-" &RIGHT("00000"&IF(OR($D2227="",$E2227="",$F2227="",$G2227=""),"",IF($D2227=$F2227,IF($E2227<$G2227,$E2227,$G2227),IF($D2227<$F2227,$E2227,$G2227))),5)&"-"&O2227) | D2227: =IF($A2227="","",VALUE(MID($A2227,FIND(D$1,$A2227)+LEN(D$1),FIND(D$2,$A2227,FIND(D$1,$A2227))-(FIND(D$1,$A2227)+LEN(D$1))))) | E2227: =IF($A2227="","",VALUE(MID($A2227,FIND(E$1,$A2227)+LEN(E$1),FIND(E$2,$A2227,FIND(E$1,$A2227))-(FIND(E$1,$A2227)+LEN(E$1))))) | F2227: =IF($A2227="","",VALUE(MID($A2227,FIND(F$1,$A2227)+LEN(F$1),FIND(F$2,$A2227,FIND(F$1,$A2227))-(FIND(F$1,$A2227)+LEN(F$1))))) | G2227: =IF($A2227="","",VALUE(MID($A2227,FIND(G$1,$A2227)+LEN(G$1),FIND(G$2,$A2227,FIND(G$1,$A2227))-(FIND(G$1,$A2227)+LEN(G$1))))) | H2227: =IF($A2227="","",VALUE(MID($A2227,FIND(H$1,$A2227)+LEN(H$1),FIND(H$2,$A2227,FIND(H$1,$A2227))-(FIND(H$1,$A2227)+LEN(H$1))))) | I2227: =IF($A2227="","",VALUE(MID($A2227,FIND(I$1,$A2227)+LEN(I$1),FIND(I$2,$A2227,FIND(I$1,$A2227))-(FIND(I$1,$A2227)+LEN(I$1))))) | J2227: =IF(OR($D2227="",$E2227=""),"",$E2227^2+2*$E2227*$D2227-$D2227^2) | K2227: =IF($A2227="","",VALUE(MID($A2227,FIND(K$1,$A2227)+LEN(K$1),FIND(K$2,$A2227,FIND(K$1,$A2227))-(FIND(K$1,$A2227)+LEN(K$1))))) | L2227: =IF($A2227="","",VALUE(MID($A2227,FIND(L$1,$A2227)+LEN(L$1),FIND(L$2,$A2227,FIND(L$1,$A2227))-(FIND(L$1,$A2227)+LEN(L$1))))) | M2227: =IF(OR($F2227="",$G2227=""),"",$G2227^2+2*$G2227*$F2227-$F2227^2) | N2227: =IF(OR($H2227="",$I2227="",$J2227="",$K2227="",$L2227="",$M2227=""),"",GCD($H2227:$M2227)) | O2227: =IF($A2227="","",MID($A2227,FIND(" ",$A2227,FIND(L$1,$A2227))+1,1)) | P2227: =IF(A2227="","",TRIM(SUBSTITUTE(SUBSTITUTE(RIGHT(A2227,LEN(A2227)-FIND("=",A2227,FIND("]",A2227,FIND("]",A2227)+1))),"^2",""),".",""))) | Q2227: =IF(OR($H2227="",$L2227="",$N2227=""),"",$H2227*$L2227/$N2227) | R2227: =IF(OR($K2227="",$I2227="",$N2227=""),"",$K2227*$I2227/$N2227) | S2227: =IF(OR($O2227<>UPPER(S$2),$N2227=""),"",IF($P2227="",-1,$P2227/$N2227)) | T2227: =IF(OR($O2227<>UPPER(T$2),$N2227=""),"",IF($P2227="",-1,$P2227/$N2227)) | U2227: =IF(OR($I2227="",$L2227="",$N2227=""),"",$I2227*$L2227/$N2227) | V2227: =IF(OR($O2227<>UPPER(V$2),$N2227=""),"",IF($P2227="",-1,$P2227/$N2227)) | W2227: =IF(OR($O2227<>UPPER(W$2),$N2227=""),"",IF($P2227="",-1,$P2227/$N2227)) | X2227: =IF(OR($M2227="",$I2227="",$N2227=""),"",$M2227*$I2227/$N2227) | Y2227: =IF(OR($J2227="",$L2227="",$N2227=""),"",$J2227*$L2227/$N2227)
B2228: =IF(A2228="","",IF(COUNTIF(C$2:C2227,C2228)>0,"Duplicate",IF(LEFT(C2228,LEN(C2228)-1)=LEFT(OFFSET(C2228,-1,0),LEN(OFFSET(C2228,-1,0))-1),"2 Sols",""))) | C2228: =IF(A2228="","",RIGHT("00000"&IF(OR($D2228="",$E2228="",$F2228="",$G2228=""),"",IF($D2228>=$F2228,$D2228,$F2228)),5)&"-" &RIGHT("00000"&IF(OR($D2228="",$E2228="",$F2228="",$G2228=""),"",IF($D2228=$F2228,IF($E2228>=$G2228,$E2228,$G2228),IF($D2228>$F2228,$E2228,$G2228))),5)&"-" &RIGHT("00000"&IF(OR($D2228="",$E2228="",$F2228="",$G2228=""),"",IF($D2228<$F2228,$D2228,$F2228)),5)&"-" &RIGHT("00000"&IF(OR($D2228="",$E2228="",$F2228="",$G2228=""),"",IF($D2228=$F2228,IF($E2228<$G2228,$E2228,$G2228),IF($D2228<$F2228,$E2228,$G2228))),5)&"-"&O2228) | D2228: =IF($A2228="","",VALUE(MID($A2228,FIND(D$1,$A2228)+LEN(D$1),FIND(D$2,$A2228,FIND(D$1,$A2228))-(FIND(D$1,$A2228)+LEN(D$1))))) | E2228: =IF($A2228="","",VALUE(MID($A2228,FIND(E$1,$A2228)+LEN(E$1),FIND(E$2,$A2228,FIND(E$1,$A2228))-(FIND(E$1,$A2228)+LEN(E$1))))) | F2228: =IF($A2228="","",VALUE(MID($A2228,FIND(F$1,$A2228)+LEN(F$1),FIND(F$2,$A2228,FIND(F$1,$A2228))-(FIND(F$1,$A2228)+LEN(F$1))))) | G2228: =IF($A2228="","",VALUE(MID($A2228,FIND(G$1,$A2228)+LEN(G$1),FIND(G$2,$A2228,FIND(G$1,$A2228))-(FIND(G$1,$A2228)+LEN(G$1))))) | H2228: =IF($A2228="","",VALUE(MID($A2228,FIND(H$1,$A2228)+LEN(H$1),FIND(H$2,$A2228,FIND(H$1,$A2228))-(FIND(H$1,$A2228)+LEN(H$1))))) | I2228: =IF($A2228="","",VALUE(MID($A2228,FIND(I$1,$A2228)+LEN(I$1),FIND(I$2,$A2228,FIND(I$1,$A2228))-(FIND(I$1,$A2228)+LEN(I$1))))) | J2228: =IF(OR($D2228="",$E2228=""),"",$E2228^2+2*$E2228*$D2228-$D2228^2) | K2228: =IF($A2228="","",VALUE(MID($A2228,FIND(K$1,$A2228)+LEN(K$1),FIND(K$2,$A2228,FIND(K$1,$A2228))-(FIND(K$1,$A2228)+LEN(K$1))))) | L2228: =IF($A2228="","",VALUE(MID($A2228,FIND(L$1,$A2228)+LEN(L$1),FIND(L$2,$A2228,FIND(L$1,$A2228))-(FIND(L$1,$A2228)+LEN(L$1))))) | M2228: =IF(OR($F2228="",$G2228=""),"",$G2228^2+2*$G2228*$F2228-$F2228^2) | N2228: =IF(OR($H2228="",$I2228="",$J2228="",$K2228="",$L2228="",$M2228=""),"",GCD($H2228:$M2228)) | O2228: =IF($A2228="","",MID($A2228,FIND(" ",$A2228,FIND(L$1,$A2228))+1,1)) | P2228: =IF(A2228="","",TRIM(SUBSTITUTE(SUBSTITUTE(RIGHT(A2228,LEN(A2228)-FIND("=",A2228,FIND("]",A2228,FIND("]",A2228)+1))),"^2",""),".",""))) | Q2228: =IF(OR($H2228="",$L2228="",$N2228=""),"",$H2228*$L2228/$N2228) | R2228: =IF(OR($K2228="",$I2228="",$N2228=""),"",$K2228*$I2228/$N2228) | S2228: =IF(OR($O2228<>UPPER(S$2),$N2228=""),"",IF($P2228="",-1,$P2228/$N2228)) | T2228: =IF(OR($O2228<>UPPER(T$2),$N2228=""),"",IF($P2228="",-1,$P2228/$N2228)) | U2228: =IF(OR($I2228="",$L2228="",$N2228=""),"",$I2228*$L2228/$N2228) | V2228: =IF(OR($O2228<>UPPER(V$2),$N2228=""),"",IF($P2228="",-1,$P2228/$N2228)) | W2228: =IF(OR($O2228<>UPPER(W$2),$N2228=""),"",IF($P2228="",-1,$P2228/$N2228)) | X2228: =IF(OR($M2228="",$I2228="",$N2228=""),"",$M2228*$I2228/$N2228) | Y2228: =IF(OR($J2228="",$L2228="",$N2228=""),"",$J2228*$L2228/$N2228)
B2229: =IF(A2229="","",IF(COUNTIF(C$2:C2228,C2229)>0,"Duplicate",IF(LEFT(C2229,LEN(C2229)-1)=LEFT(OFFSET(C2229,-1,0),LEN(OFFSET(C2229,-1,0))-1),"2 Sols",""))) | C2229: =IF(A2229="","",RIGHT("00000"&IF(OR($D2229="",$E2229="",$F2229="",$G2229=""),"",IF($D2229>=$F2229,$D2229,$F2229)),5)&"-" &RIGHT("00000"&IF(OR($D2229="",$E2229="",$F2229="",$G2229=""),"",IF($D2229=$F2229,IF($E2229>=$G2229,$E2229,$G2229),IF($D2229>$F2229,$E2229,$G2229))),5)&"-" &RIGHT("00000"&IF(OR($D2229="",$E2229="",$F2229="",$G2229=""),"",IF($D2229<$F2229,$D2229,$F2229)),5)&"-" &RIGHT("00000"&IF(OR($D2229="",$E2229="",$F2229="",$G2229=""),"",IF($D2229=$F2229,IF($E2229<$G2229,$E2229,$G2229),IF($D2229<$F2229,$E2229,$G2229))),5)&"-"&O2229) | D2229: =IF($A2229="","",VALUE(MID($A2229,FIND(D$1,$A2229)+LEN(D$1),FIND(D$2,$A2229,FIND(D$1,$A2229))-(FIND(D$1,$A2229)+LEN(D$1))))) | E2229: =IF($A2229="","",VALUE(MID($A2229,FIND(E$1,$A2229)+LEN(E$1),FIND(E$2,$A2229,FIND(E$1,$A2229))-(FIND(E$1,$A2229)+LEN(E$1))))) | F2229: =IF($A2229="","",VALUE(MID($A2229,FIND(F$1,$A2229)+LEN(F$1),FIND(F$2,$A2229,FIND(F$1,$A2229))-(FIND(F$1,$A2229)+LEN(F$1))))) | G2229: =IF($A2229="","",VALUE(MID($A2229,FIND(G$1,$A2229)+LEN(G$1),FIND(G$2,$A2229,FIND(G$1,$A2229))-(FIND(G$1,$A2229)+LEN(G$1))))) | H2229: =IF($A2229="","",VALUE(MID($A2229,FIND(H$1,$A2229)+LEN(H$1),FIND(H$2,$A2229,FIND(H$1,$A2229))-(FIND(H$1,$A2229)+LEN(H$1))))) | I2229: =IF($A2229="","",VALUE(MID($A2229,FIND(I$1,$A2229)+LEN(I$1),FIND(I$2,$A2229,FIND(I$1,$A2229))-(FIND(I$1,$A2229)+LEN(I$1))))) | J2229: =IF(OR($D2229="",$E2229=""),"",$E2229^2+2*$E2229*$D2229-$D2229^2) | K2229: =IF($A2229="","",VALUE(MID($A2229,FIND(K$1,$A2229)+LEN(K$1),FIND(K$2,$A2229,FIND(K$1,$A2229))-(FIND(K$1,$A2229)+LEN(K$1))))) | L2229: =IF($A2229="","",VALUE(MID($A2229,FIND(L$1,$A2229)+LEN(L$1),FIND(L$2,$A2229,FIND(L$1,$A2229))-(FIND(L$1,$A2229)+LEN(L$1))))) | M2229: =IF(OR($F2229="",$G2229=""),"",$G2229^2+2*$G2229*$F2229-$F2229^2) | N2229: =IF(OR($H2229="",$I2229="",$J2229="",$K2229="",$L2229="",$M2229=""),"",GCD($H2229:$M2229)) | O2229: =IF($A2229="","",MID($A2229,FIND(" ",$A2229,FIND(L$1,$A2229))+1,1)) | P2229: =IF(A2229="","",TRIM(SUBSTITUTE(SUBSTITUTE(RIGHT(A2229,LEN(A2229)-FIND("=",A2229,FIND("]",A2229,FIND("]",A2229)+1))),"^2",""),".",""))) | Q2229: =IF(OR($H2229="",$L2229="",$N2229=""),"",$H2229*$L2229/$N2229) | R2229: =IF(OR($K2229="",$I2229="",$N2229=""),"",$K2229*$I2229/$N2229) | S2229: =IF(OR($O2229<>UPPER(S$2),$N2229=""),"",IF($P2229="",-1,$P2229/$N2229)) | T2229: =IF(OR($O2229<>UPPER(T$2),$N2229=""),"",IF($P2229="",-1,$P2229/$N2229)) | U2229: =IF(OR($I2229="",$L2229="",$N2229=""),"",$I2229*$L2229/$N2229) | V2229: =IF(OR($O2229<>UPPER(V$2),$N2229=""),"",IF($P2229="",-1,$P2229/$N2229)) | W2229: =IF(OR($O2229<>UPPER(W$2),$N2229=""),"",IF($P2229="",-1,$P2229/$N2229)) | X2229: =IF(OR($M2229="",$I2229="",$N2229=""),"",$M2229*$I2229/$N2229) | Y2229: =IF(OR($J2229="",$L2229="",$N2229=""),"",$J2229*$L2229/$N2229)
... B3002: =IF(A3002="","",IF(COUNTIF(C$2:C3001,C3002)>0,"Duplicate",IF(LEFT(C3002,LEN(C3002)-1)=LEFT(OFFSET(C3002,-1,0),LEN(OFFSET(C3002,-1,0))-1),"2 Sols",""))) | C3002: =IF(A3002="","",RIGHT("00000"&IF(OR($D3002="",$E3002="",$F3002="",$G3002=""),"",IF($D3002>=$F3002,$D3002,$F3002)),5)&"-" &RIGHT("00000"&IF(OR($D3002="",$E3002="",$F3002="",$G3002=""),"",IF($D3002=$F3002,IF($E3002>=$G3002,$E3002,$G3002),IF($D3002>$F3002,$E3002,$G3002))),5)&"-" &RIGHT("00000"&IF(OR($D3002="",$E3002="",$F3002="",$G3002=""),"",IF($D3002<$F3002,$D3002,$F3002)),5)&"-" &RIGHT("00000"&IF(OR($D3002="",$E3002="",$F3002="",$G3002=""),"",IF($D3002=$F3002,IF($E3002<$G3002,$E3002,$G3002),IF($D3002<$F3002,$E3002,$G3002))),5)&"-"&O3002) | D3002: =IF($A3002="","",VALUE(MID($A3002,FIND(D$1,$A3002)+LEN(D$1),FIND(D$2,$A3002,FIND(D$1,$A3002))-(FIND(D$1,$A3002)+LEN(D$1))))) | E3002: =IF($A3002="","",VALUE(MID($A3002,FIND(E$1,$A3002)+LEN(E$1),FIND(E$2,$A3002,FIND(E$1,$A3002))-(FIND(E$1,$A3002)+LEN(E$1))))) | F3002: =IF($A3002="","",VALUE(MID($A3002,FIND(F$1,$A3002)+LEN(F$1),FIND(F$2,$A3002,FIND(F$1,$A3002))-(FIND(F$1,$A3002)+LEN(F$1))))) | G3002: =IF($A3002="","",VALUE(MID($A3002,FIND(G$1,$A3002)+LEN(G$1),FIND(G$2,$A3002,FIND(G$1,$A3002))-(FIND(G$1,$A3002)+LEN(G$1))))) | H3002: =IF($A3002="","",VALUE(MID($A3002,FIND(H$1,$A3002)+LEN(H$1),FIND(H$2,$A3002,FIND(H$1,$A3002))-(FIND(H$1,$A3002)+LEN(H$1))))) | I3002: =IF($A3002="","",VALUE(MID($A3002,FIND(I$1,$A3002)+LEN(I$1),FIND(I$2,$A3002,FIND(I$1,$A3002))-(FIND(I$1,$A3002)+LEN(I$1))))) | J3002: =IF(OR($D3002="",$E3002=""),"",$E3002^2+2*$E3002*$D3002-$D3002^2) | K3002: =IF($A3002="","",VALUE(MID($A3002,FIND(K$1,$A3002)+LEN(K$1),FIND(K$2,$A3002,FIND(K$1,$A3002))-(FIND(K$1,$A3002)+LEN(K$1))))) | L3002: =IF($A3002="","",VALUE(MID($A3002,FIND(L$1,$A3002)+LEN(L$1),FIND(L$2,$A3002,FIND(L$1,$A3002))-(FIND(L$1,$A3002)+LEN(L$1))))) | M3002: =IF(OR($F3002="",$G3002=""),"",$G3002^2+2*$G3002*$F3002-$F3002^2) | N3002: =IF(OR($H3002="",$I3002="",$J3002="",$K3002="",$L3002="",$M3002=""),"",GCD($H3002:$M3002)) | O3002: =IF($A3002="","",MID($A3002,FIND(" ",$A3002,FIND(L$1,$A3002))+1,1)) | P3002: =IF(A3002="","",TRIM(SUBSTITUTE(SUBSTITUTE(RIGHT(A3002,LEN(A3002)-FIND("=",A3002,FIND("]",A3002,FIND("]",A3002)+1))),"^2",""),".",""))) | Q3002: =IF(OR($H3002="",$L3002="",$N3002=""),"",$H3002*$L3002/$N3002) | R3002: =IF(OR($K3002="",$I3002="",$N3002=""),"",$K3002*$I3002/$N3002) | S3002: =IF(OR($O3002<>UPPER(S$2),$N3002=""),"",IF($P3002="",-1,$P3002/$N3002)) | T3002: =IF(OR($O3002<>UPPER(T$2),$N3002=""),"",IF($P3002="",-1,$P3002/$N3002)) | U3002: =IF(OR($I3002="",$L3002="",$N3002=""),"",$I3002*$L3002/$N3002) | V3002: =IF(OR($O3002<>UPPER(V$2),$N3002=""),"",IF($P3002="",-1,$P3002/$N3002)) | W3002: =IF(OR($O3002<>UPPER(W$2),$N3002=""),"",IF($P3002="",-1,$P3002/$N3002)) | X3002: =IF(OR($M3002="",$I3002="",$N3002=""),"",$M3002*$I3002/$N3002) | Y3002: =IF(OR($J3002="",$L3002="",$N3002=""),"",$J3002*$L3002/$N3002)

Sheet Inspect
B2: ="Inspect Result # (1 - "&(COUNTIF(Results!S3:OFFSET(Results!S3,10000,0),">0")+COUNTIF(Results!T3:OFFSET(Results!T3,10000,0),">0")++COUNTIF(Results!V3:OFFSET(Results!V3,10000,0),">0")+COUNTIF(Results!W3:OFFSET(Results!W3,10000,0),">0"))&"):" -> Inspect Result # (1 - 2215):
B3: 2116
H4: Segment | I4: Digits | J4: 10^Digits | K4: Zeros
B5: Magic Square Roots | H5: Definition | I5: 7 | J5: =10^I5 -> 10000000 | K5: =REPT("0",I5) -> 0000000
B6: =IF(OFFSET(Results!$Q$2,$B$3,0)="","",OFFSET(Results!$Q$2,$B$3,0)) -> 17664014603662 | C6: =IF(OFFSET(Results!$R$2,$B$3,0)="","",OFFSET(Results!$R$2,$B$3,0)) -> 22607393157938 | D6: =IF(OFFSET(Results!$S$2,$B$3,0)="","",OFFSET(Results!$S$2,$B$3,0)) | Z6: Sums | AF6: Carry
B7: =IF(OFFSET(Results!$T$2,$B$3,0)="","",OFFSET(Results!$T$2,$B$3,0)) | C7: =IF(OFFSET(Results!$U$2,$B$3,0)="","",OFFSET(Results!$U$2,$B$3,0)) -> 17127729619618 | D7: =IF(OFFSET(Results!$V$2,$B$3,0)="","",OFFSET(Results!$V$2,$B$3,0)) | I7: Root | J7: Segment a | K7: Segment b | L7: Segment c | M7: a*a hi | N7: a*a lo | O7: 2*a*b hi | P7: 2*a*b lo | Q7: 2*a*c hi | R7: 2*a*c lo | S7: b*b hi | T7: b*b lo | U7: 2*b*c hi | V7: 2*b*c lo | W7: c*c hi | X7: c*c lo | Y7: a*a hi carry | Z7: a*a hi | AA7: a*a lo + 2*a*b hi | AB7: 2*a*c hi + b*b hi + 2*a*b lo | AC7: 2*b*c hi + 2*a*c lo + b*b lo | AD7: c*c hi + 2*b*c lo | AE7: c*c lo | AF7: a*a lo + 2*a*b hi | AG7: 2*a*c hi + b*b hi + 2*a*b lo | AH7: 2*b*c hi + 2*a*c lo + b*b lo | AI7: c*c hi + 2*b*c lo | AJ7: c*c lo | AK7: Segments | AR7: Assembled Segments | AS7: Added Comma Separators
B8: =IF(OFFSET(Results!$W$2,$B$3,0)="","",OFFSET(Results!$W$2,$B$3,0)) -> 23016353216642 | C8: =IF(OFFSET(Results!$X$2,$B$3,0)="","",OFFSET(Results!$X$2,$B$3,0)) -> 8696207130002 | D8: =IF(OFFSET(Results!$Y$2,$B$3,0)="","",OFFSET(Results!$Y$2,$B$3,0)) -> 16574101240402 | H8: a | I8: =IF(B6="","",B6) -> 17664014603662 | J8: =IF(I8="","",VALUE(LEFT(RIGHT($K$5&$K$5&$K$5&I8,3*$I$5),$I$5))) -> 0 | K8: =IF(I8="","",VALUE(LEFT(RIGHT($K$5&$K$5&I8,2*$I$5),$I$5))) -> 1766401 | L8: =IF(I8="","",VALUE(RIGHT(I8,$I$5))) -> 4603662 | M8: =IF(I8="","",INT(J8^2/$J$5)) -> 0 | N8: =IF(I8="","",MOD(J8^2,$J$5)) -> 0 | O8: =IF(I8="","",INT(2*J8*K8/$J$5)) -> 0 | P8: =IF(I8="","",MOD(2*J8*K8,$J$5)) -> 0 | Q8: =IF(I8="","",INT(2*J8*L8/$J$5)) -> 0 | R8: =IF(I8="","",MOD(2*J8*L8,$J$5)) -> 0 | S8: =IF(I8="","",INT(K8^2/$J$5)) -> 312017 | T8: =IF(I8="","",MOD(K8^2,$J$5)) -> 2492801 | U8: =IF(I8="","",INT(2*K8*L8/$J$5)) -> 1626382 | V8: =IF(I8="","",MOD(2*K8*L8,$J$5)) -> 6320924 | W8: =IF(I8="","",INT(L8^2/$J$5)) -> 2119370 | X8: =IF(I8="","",MOD(L8^2,$J$5)) -> 3810244 | Y8: =IF(I8="","",INT(M8/$J$5)) -> 0 | Z8: =IF(I8="","",MOD(M8,$J$5)) -> 0 | AA8: =IF(I8="","",MOD(N8+O8+AG8,$J$5)) -> 0 | AB8: =IF(I8="","",MOD(Q8+S8+P8+AH8,$J$5)) -> 312017 | AC8: =IF(I8="","",MOD(U8+R8+T8+AI8,$J$5)) -> 4119183 | AD8: =IF(I8="","",MOD(W8+V8+AJ8,$J$5)) -> 8440294 | AE8: =IF(I8="","",MOD(X8,$J$5)) -> 3810244 | AF8: =IF(I8="","",INT((N8+O8+AG8)/$J$5)) -> 0 | AG8: =IF(I8="","",IF(I8="","",INT((Q8+S8+P8+AH8)/$J$5))) -> 0 | AH8: =IF(I8="","",INT((U8+R8+T8+AI8)/$J$5)) -> 0 | AI8: =IF(I8="","",INT((W8+V8+AJ8)/$J$5)) -> 0 | AJ8: =IF(I8="","",INT(X8/$J$5)) -> 0 | AK8: =IF(I8="","",IF(Y8=0,"",Y8)) | AL8: =IF(I8="","",IF(AK8="",IF(Z8=0,"",Z8),RIGHT($K$5&Z8,$I$5))) | AM8: =IF(I8="","",IF(AL8="",IF(AA8=0,"",AA8),RIGHT($K$5&AA8,$I$5))) | AN8: =IF(I8="","",IF(AM8="",IF(AB8=0,"",AB8),RIGHT($K$5&AB8,$I$5))) -> 312017 | AO8: =IF(I8="","",IF(AN8="",IF(AC8=0,"",AC8),RIGHT($K$5&AC8,$I$5))) -> 4119183 | AP8: =IF(I8="","",IF(AO8="",IF(AD8=0,"",AD8),RIGHT($K$5&AD8,$I$5))) -> 8440294 | AQ8: =IF(I8="","",IF(AP8="",IF(AE8=0,"",AE8),RIGHT($K$5&AE8,$I$5))) -> 3810244 | AR8: =AK8&AL8&AM8&AN8&AO8&AP8&AQ8 -> 312017411918384402943810244 | AS8: =IF(I8="","",IF(LEN(AR8)>33,","&LEFT(RIGHT(AR8,33),3),IF(LEN(AR8)<30,"",LEFT(AR8,LEN(AR8)-30))) &IF(LEN(AR8)>30,","&LEFT(RIGHT(AR8,30),3),IF(LEN(AR8)<27,"",LEFT(AR8,LEN(AR8)-27))) &IF(LEN(AR8)>27,","&LEFT(RIGHT(AR8,27),3),IF(LEN(AR8)<24,"",LEFT(AR8,LEN(AR8)-24))) &IF(LEN(AR8)>24,","&LEFT(RIGHT(AR8,24),3),IF(LEN(AR8)<21,"",LEFT(AR8,LEN(AR8)-21))) &IF(LEN(AR8)>21,","&LEFT(RIGHT(AR8,21),3),IF(LEN(AR8)<18,"",LEFT(AR8,LEN(AR8)-18))) &IF(LEN(AR8)>18,","&LEFT(RIGHT(AR8,18),3),IF(LEN(AR8)<15,"",LEFT(AR8,LEN(AR8)-15))) &IF(LEN(AR8)>15,","&LEFT(RIGHT(AR8,15),3),IF(LEN(AR8)<12,"",LEFT(AR8,LEN(AR8)-12))) &IF(LEN(AR8)>12,","&LEFT(RIGHT(AR8,12),3),IF(LEN(AR8)<9,"",LEFT(AR8,LEN(AR8)-9))) &IF(LEN(AR8)>9,","&LEFT(RIGHT(AR8,9),3),IF(LEN(AR8)<6,"",LEFT(AR8,LEN(AR8)-6))) &IF(LEN(AR8)>6,","&LEFT(RIGHT(AR8,6),3),IF(LEN(AR8)<3,"",LEFT(AR8,LEN(AR8)-3))) &IF(LEN(AR8)>3,","&RIGHT(AR8,3),AR8)) -> 312,017,411,918,384,402,943,810,244
H9: b | I9: =IF(C6="","",C6) -> 22607393157938 | J9: =IF(I9="","",VALUE(LEFT(RIGHT($K$5&$K$5&$K$5&I9,3*$I$5),$I$5))) -> 0 | K9: =IF(I9="","",VALUE(LEFT(RIGHT($K$5&$K$5&I9,2*$I$5),$I$5))) -> 2260739 | L9: =IF(I9="","",VALUE(RIGHT(I9,$I$5))) -> 3157938 | M9: =IF(I9="","",INT(J9^2/$J$5)) -> 0 | N9: =IF(I9="","",MOD(J9^2,$J$5)) -> 0 | O9: =IF(I9="","",INT(2*J9*K9/$J$5)) -> 0 | P9: =IF(I9="","",MOD(2*J9*K9,$J$5)) -> 0 | Q9: =IF(I9="","",INT(2*J9*L9/$J$5)) -> 0 | R9: =IF(I9="","",MOD(2*J9*L9,$J$5)) -> 0 | S9: =IF(I9="","",INT(K9^2/$J$5)) -> 511094 | T9: =IF(I9="","",MOD(K9^2,$J$5)) -> 826121 | U9: =IF(I9="","",INT(2*K9*L9/$J$5)) -> 1427854 | V9: =IF(I9="","",MOD(2*K9*L9,$J$5)) -> 7192364 | W9: =IF(I9="","",INT(L9^2/$J$5)) -> 997257 | X9: =IF(I9="","",MOD(L9^2,$J$5)) -> 2411844 | Y9: =IF(I9="","",INT(M9/$J$5)) -> 0 | Z9: =IF(I9="","",MOD(M9,$J$5)) -> 0 | AA9: =IF(I9="","",MOD(N9+O9+AG9,$J$5)) -> 0 | AB9: =IF(I9="","",MOD(Q9+S9+P9+AH9,$J$5)) -> 511094 | AC9: =IF(I9="","",MOD(U9+R9+T9+AI9,$J$5)) -> 2253975 | AD9: =IF(I9="","",MOD(W9+V9+AJ9,$J$5)) -> 8189621 | AE9: =IF(I9="","",MOD(X9,$J$5)) -> 2411844 | AF9: =IF(I9="","",INT((N9+O9+AG9)/$J$5)) -> 0 | AG9: =IF(I9="","",IF(I9="","",INT((Q9+S9+P9+AH9)/$J$5))) -> 0 | AH9: =IF(I9="","",INT((U9+R9+T9+AI9)/$J$5)) -> 0 | AI9: =IF(I9="","",INT((W9+V9+AJ9)/$J$5)) -> 0 | AJ9: =IF(I9="","",INT(X9/$J$5)) -> 0 | AK9: =IF(I9="","",IF(Y9=0,"",Y9)) | AL9: =IF(I9="","",IF(AK9="",IF(Z9=0,"",Z9),RIGHT($K$5&Z9,$I$5))) | AM9: =IF(I9="","",IF(AL9="",IF(AA9=0,"",AA9),RIGHT($K$5&AA9,$I$5))) | AN9: =IF(I9="","",IF(AM9="",IF(AB9=0,"",AB9),RIGHT($K$5&AB9,$I$5))) -> 511094 | AO9: =IF(I9="","",IF(AN9="",IF(AC9=0,"",AC9),RIGHT($K$5&AC9,$I$5))) -> 2253975 | AP9: =IF(I9="","",IF(AO9="",IF(AD9=0,"",AD9),RIGHT($K$5&AD9,$I$5))) -> 8189621 | AQ9: =IF(I9="","",IF(AP9="",IF(AE9=0,"",AE9),RIGHT($K$5&AE9,$I$5))) -> 2411844 | AR9: =AK9&AL9&AM9&AN9&AO9&AP9&AQ9 -> 511094225397581896212411844 | AS9: =IF(I9="","",IF(LEN(AR9)>33,","&LEFT(RIGHT(AR9,33),3),IF(LEN(AR9)<30,"",LEFT(AR9,LEN(AR9)-30))) &IF(LEN(AR9)>30,","&LEFT(RIGHT(AR9,30),3),IF(LEN(AR9)<27,"",LEFT(AR9,LEN(AR9)-27))) &IF(LEN(AR9)>27,","&LEFT(RIGHT(AR9,27),3),IF(LEN(AR9)<24,"",LEFT(AR9,LEN(AR9)-24))) &IF(LEN(AR9)>24,","&LEFT(RIGHT(AR9,24),3),IF(LEN(AR9)<21,"",LEFT(AR9,LEN(AR9)-21))) &IF(LEN(AR9)>21,","&LEFT(RIGHT(AR9,21),3),IF(LEN(AR9)<18,"",LEFT(AR9,LEN(AR9)-18))) &IF(LEN(AR9)>18,","&LEFT(RIGHT(AR9,18),3),IF(LEN(AR9)<15,"",LEFT(AR9,LEN(AR9)-15))) &IF(LEN(AR9)>15,","&LEFT(RIGHT(AR9,15),3),IF(LEN(AR9)<12,"",LEFT(AR9,LEN(AR9)-12))) &IF(LEN(AR9)>12,","&LEFT(RIGHT(AR9,12),3),IF(LEN(AR9)<9,"",LEFT(AR9,LEN(AR9)-9))) &IF(LEN(AR9)>9,","&LEFT(RIGHT(AR9,9),3),IF(LEN(AR9)<6,"",LEFT(AR9,LEN(AR9)-6))) &IF(LEN(AR9)>6,","&LEFT(RIGHT(AR9,6),3),IF(LEN(AR9)<3,"",LEFT(AR9,LEN(AR9)-3))) &IF(LEN(AR9)>3,","&RIGHT(AR9,3),AR9)) -> 511,094,225,397,581,896,212,411,844
H10: c | I10: =IF(D6="","",D6) | J10: =IF(I10="","",VALUE(LEFT(RIGHT($K$5&$K$5&$K$5&I10,3*$I$5),$I$5))) | K10: =IF(I10="","",VALUE(LEFT(RIGHT($K$5&$K$5&I10,2*$I$5),$I$5))) | L10: =IF(I10="","",VALUE(RIGHT(I10,$I$5))) | M10: =IF(I10="","",INT(J10^2/$J$5)) | N10: =IF(I10="","",MOD(J10^2,$J$5)) | O10: =IF(I10="","",INT(2*J10*K10/$J$5)) | P10: =IF(I10="","",MOD(2*J10*K10,$J$5)) | Q10: =IF(I10="","",INT(2*J10*L10/$J$5)) | R10: =IF(I10="","",MOD(2*J10*L10,$J$5)) | S10: =IF(I10="","",INT(K10^2/$J$5)) | T10: =IF(I10="","",MOD(K10^2,$J$5)) | U10: =IF(I10="","",INT(2*K10*L10/$J$5)) | V10: =IF(I10="","",MOD(2*K10*L10,$J$5)) | W10: =IF(I10="","",INT(L10^2/$J$5)) | X10: =IF(I10="","",MOD(L10^2,$J$5)) | Y10: =IF(I10="","",INT(M10/$J$5)) | Z10: =IF(I10="","",MOD(M10,$J$5)) | AA10: =IF(I10="","",MOD(N10+O10+AG10,$J$5)) | AB10: =IF(I10="","",MOD(Q10+S10+P10+AH10,$J$5)) | AC10: =IF(I10="","",MOD(U10+R10+T10+AI10,$J$5)) | AD10: =IF(I10="","",MOD(W10+V10+AJ10,$J$5)) | AE10: =IF(I10="","",MOD(X10,$J$5)) | AF10: =IF(I10="","",INT((N10+O10+AG10)/$J$5)) | AG10: =IF(I10="","",IF(I10="","",INT((Q10+S10+P10+AH10)/$J$5))) | AH10: =IF(I10="","",INT((U10+R10+T10+AI10)/$J$5)) | AI10: =IF(I10="","",INT((W10+V10+AJ10)/$J$5)) | AJ10: =IF(I10="","",INT(X10/$J$5)) | AK10: =IF(I10="","",IF(Y10=0,"",Y10)) | AL10: =IF(I10="","",IF(AK10="",IF(Z10=0,"",Z10),RIGHT($K$5&Z10,$I$5))) | AM10: =IF(I10="","",IF(AL10="",IF(AA10=0,"",AA10),RIGHT($K$5&AA10,$I$5))) | AN10: =IF(I10="","",IF(AM10="",IF(AB10=0,"",AB10),RIGHT($K$5&AB10,$I$5))) | AO10: =IF(I10="","",IF(AN10="",IF(AC10=0,"",AC10),RIGHT($K$5&AC10,$I$5))) | AP10: =IF(I10="","",IF(AO10="",IF(AD10=0,"",AD10),RIGHT($K$5&AD10,$I$5))) | AQ10: =IF(I10="","",IF(AP10="",IF(AE10=0,"",AE10),RIGHT($K$5&AE10,$I$5))) | AR10: =AK10&AL10&AM10&AN10&AO10&AP10&AQ10 | AS10: =IF(I10="","",IF(LEN(AR10)>33,","&LEFT(RIGHT(AR10,33),3),IF(LEN(AR10)<30,"",LEFT(AR10,LEN(AR10)-30))) &IF(LEN(AR10)>30,","&LEFT(RIGHT(AR10,30),3),IF(LEN(AR10)<27,"",LEFT(AR10,LEN(AR10)-27))) &IF(LEN(AR10)>27,","&LEFT(RIGHT(AR10,27),3),IF(LEN(AR10)<24,"",LEFT(AR10,LEN(AR10)-24))) &IF(LEN(AR10)>24,","&LEFT(RIGHT(AR10,24),3),IF(LEN(AR10)<21,"",LEFT(AR10,LEN(AR10)-21))) &IF(LEN(AR10)>21,","&LEFT(RIGHT(AR10,21),3),IF(LEN(AR10)<18,"",LEFT(AR10,LEN(AR10)-18))) &IF(LEN(AR10)>18,","&LEFT(RIGHT(AR10,18),3),IF(LEN(AR10)<15,"",LEFT(AR10,LEN(AR10)-15))) &IF(LEN(AR10)>15,","&LEFT(RIGHT(AR10,15),3),IF(LEN(AR10)<12,"",LEFT(AR10,LEN(AR10)-12))) &IF(LEN(AR10)>12,","&LEFT(RIGHT(AR10,12),3),IF(LEN(AR10)<9,"",LEFT(AR10,LEN(AR10)-9))) &IF(LEN(AR10)>9,","&LEFT(RIGHT(AR10,9),3),IF(LEN(AR10)<6,"",LEFT(AR10,LEN(AR10)-6))) &IF(LEN(AR10)>6,","&LEFT(RIGHT(AR10,6),3),IF(LEN(AR10)<3,"",LEFT(AR10,LEN(AR10)-3))) &IF(LEN(AR10)>3,","&RIGHT(AR10,3),AR10))
B11: Magic Square of Squares | C11: Expected Sum: | D11: =IF($AA$20="","",$AA$20) -> 880,077,365,768,219,276,911,397,772 | E11: =IF(F11="","No diagonal sum",IF(F11=$D$11,"Diagonal sum matches:","Diagonal sum doesn't match:")) -> No diagonal sum | F11: =IF($AA$21="","",$AA$21) | H11: d | I11: =IF(B7="","",B7) | J11: =IF(I11="","",VALUE(LEFT(RIGHT($K$5&$K$5&$K$5&I11,3*$I$5),$I$5))) | K11: =IF(I11="","",VALUE(LEFT(RIGHT($K$5&$K$5&I11,2*$I$5),$I$5))) | L11: =IF(I11="","",VALUE(RIGHT(I11,$I$5))) | M11: =IF(I11="","",INT(J11^2/$J$5)) | N11: =IF(I11="","",MOD(J11^2,$J$5)) | O11: =IF(I11="","",INT(2*J11*K11/$J$5)) | P11: =IF(I11="","",MOD(2*J11*K11,$J$5)) | Q11: =IF(I11="","",INT(2*J11*L11/$J$5)) | R11: =IF(I11="","",MOD(2*J11*L11,$J$5)) | S11: =IF(I11="","",INT(K11^2/$J$5)) | T11: =IF(I11="","",MOD(K11^2,$J$5)) | U11: =IF(I11="","",INT(2*K11*L11/$J$5)) | V11: =IF(I11="","",MOD(2*K11*L11,$J$5)) | W11: =IF(I11="","",INT(L11^2/$J$5)) | X11: =IF(I11="","",MOD(L11^2,$J$5)) | Y11: =IF(I11="","",INT(M11/$J$5)) | Z11: =IF(I11="","",MOD(M11,$J$5)) | AA11: =IF(I11="","",MOD(N11+O11+AG11,$J$5)) | AB11: =IF(I11="","",MOD(Q11+S11+P11+AH11,$J$5)) | AC11: =IF(I11="","",MOD(U11+R11+T11+AI11,$J$5)) | AD11: =IF(I11="","",MOD(W11+V11+AJ11,$J$5)) | AE11: =IF(I11="","",MOD(X11,$J$5)) | AF11: =IF(I11="","",INT((N11+O11+AG11)/$J$5)) | AG11: =IF(I11="","",IF(I11="","",INT((Q11+S11+P11+AH11)/$J$5))) | AH11: =IF(I11="","",INT((U11+R11+T11+AI11)/$J$5)) | AI11: =IF(I11="","",INT((W11+V11+AJ11)/$J$5)) | AJ11: =IF(I11="","",INT(X11/$J$5)) | AK11: =IF(I11="","",IF(Y11=0,"",Y11)) | AL11: =IF(I11="","",IF(AK11="",IF(Z11=0,"",Z11),RIGHT($K$5&Z11,$I$5))) | AM11: =IF(I11="","",IF(AL11="",IF(AA11=0,"",AA11),RIGHT($K$5&AA11,$I$5))) | AN11: =IF(I11="","",IF(AM11="",IF(AB11=0,"",AB11),RIGHT($K$5&AB11,$I$5))) | AO11: =IF(I11="","",IF(AN11="",IF(AC11=0,"",AC11),RIGHT($K$5&AC11,$I$5))) | AP11: =IF(I11="","",IF(AO11="",IF(AD11=0,"",AD11),RIGHT($K$5&AD11,$I$5))) | AQ11: =IF(I11="","",IF(AP11="",IF(AE11=0,"",AE11),RIGHT($K$5&AE11,$I$5))) | AR11: =AK11&AL11&AM11&AN11&AO11&AP11&AQ11 | AS11: =IF(I11="","",IF(LEN(AR11)>33,","&LEFT(RIGHT(AR11,33),3),IF(LEN(AR11)<30,"",LEFT(AR11,LEN(AR11)-30))) &IF(LEN(AR11)>30,","&LEFT(RIGHT(AR11,30),3),IF(LEN(AR11)<27,"",LEFT(AR11,LEN(AR11)-27))) &IF(LEN(AR11)>27,","&LEFT(RIGHT(AR11,27),3),IF(LEN(AR11)<24,"",LEFT(AR11,LEN(AR11)-24))) &IF(LEN(AR11)>24,","&LEFT(RIGHT(AR11,24),3),IF(LEN(AR11)<21,"",LEFT(AR11,LEN(AR11)-21))) &IF(LEN(AR11)>21,","&LEFT(RIGHT(AR11,21),3),IF(LEN(AR11)<18,"",LEFT(AR11,LEN(AR11)-18))) &IF(LEN(AR11)>18,","&LEFT(RIGHT(AR11,18),3),IF(LEN(AR11)<15,"",LEFT(AR11,LEN(AR11)-15))) &IF(LEN(AR11)>15,","&LEFT(RIGHT(AR11,15),3),IF(LEN(AR11)<12,"",LEFT(AR11,LEN(AR11)-12))) &IF(LEN(AR11)>12,","&LEFT(RIGHT(AR11,12),3),IF(LEN(AR11)<9,"",LEFT(AR11,LEN(AR11)-9))) &IF(LEN(AR11)>9,","&LEFT(RIGHT(AR11,9),3),IF(LEN(AR11)<6,"",LEFT(AR11,LEN(AR11)-6))) &IF(LEN(AR11)>6,","&LEFT(RIGHT(AR11,6),3),IF(LEN(AR11)<3,"",LEFT(AR11,LEN(AR11)-3))) &IF(LEN(AR11)>3,","&RIGHT(AR11,3),AR11))
H12: e | I12: =IF(C7="","",C7) -> 17127729619618 | J12: =IF(I12="","",VALUE(LEFT(RIGHT($K$5&$K$5&$K$5&I12,3*$I$5),$I$5))) -> 0 | K12: =IF(I12="","",VALUE(LEFT(RIGHT($K$5&$K$5&I12,2*$I$5),$I$5))) -> 1712772 | L12: =IF(I12="","",VALUE(RIGHT(I12,$I$5))) -> 9619618 | M12: =IF(I12="","",INT(J12^2/$J$5)) -> 0 | N12: =IF(I12="","",MOD(J12^2,$J$5)) -> 0 | O12: =IF(I12="","",INT(2*J12*K12/$J$5)) -> 0 | P12: =IF(I12="","",MOD(2*J12*K12,$J$5)) -> 0 | Q12: =IF(I12="","",INT(2*J12*L12/$J$5)) -> 0 | R12: =IF(I12="","",MOD(2*J12*L12,$J$5)) -> 0 | S12: =IF(I12="","",INT(K12^2/$J$5)) -> 293358 | T12: =IF(I12="","",MOD(K12^2,$J$5)) -> 7923984 | U12: =IF(I12="","",INT(2*K12*L12/$J$5)) -> 3295242 | V12: =IF(I12="","",MOD(2*K12*L12,$J$5)) -> 4722192 | W12: =IF(I12="","",INT(L12^2/$J$5)) -> 9253705 | X12: =IF(I12="","",MOD(L12^2,$J$5)) -> 465924 | Y12: =IF(I12="","",INT(M12/$J$5)) -> 0 | Z12: =IF(I12="","",MOD(M12,$J$5)) -> 0 | AA12: =IF(I12="","",MOD(N12+O12+AG12,$J$5)) -> 0 | AB12: =IF(I12="","",MOD(Q12+S12+P12+AH12,$J$5)) -> 293359 | AC12: =IF(I12="","",MOD(U12+R12+T12+AI12,$J$5)) -> 1219227 | AD12: =IF(I12="","",MOD(W12+V12+AJ12,$J$5)) -> 3975897 | AE12: =IF(I12="","",MOD(X12,$J$5)) -> 465924 | AF12: =IF(I12="","",INT((N12+O12+AG12)/$J$5)) -> 0 | AG12: =IF(I12="","",IF(I12="","",INT((Q12+S12+P12+AH12)/$J$5))) -> 0 | AH12: =IF(I12="","",INT((U12+R12+T12+AI12)/$J$5)) -> 1 | AI12: =IF(I12="","",INT((W12+V12+AJ12)/$J$5)) -> 1 | AJ12: =IF(I12="","",INT(X12/$J$5)) -> 0 | AK12: =IF(I12="","",IF(Y12=0,"",Y12)) | AL12: =IF(I12="","",IF(AK12="",IF(Z12=0,"",Z12),RIGHT($K$5&Z12,$I$5))) | AM12: =IF(I12="","",IF(AL12="",IF(AA12=0,"",AA12),RIGHT($K$5&AA12,$I$5))) | AN12: =IF(I12="","",IF(AM12="",IF(AB12=0,"",AB12),RIGHT($K$5&AB12,$I$5))) -> 293359 | AO12: =IF(I12="","",IF(AN12="",IF(AC12=0,"",AC12),RIGHT($K$5&AC12,$I$5))) -> 1219227 | AP12: =IF(I12="","",IF(AO12="",IF(AD12=0,"",AD12),RIGHT($K$5&AD12,$I$5))) -> 3975897 | AQ12: =IF(I12="","",IF(AP12="",IF(AE12=0,"",AE12),RIGHT($K$5&AE12,$I$5))) -> 0465924 | AR12: =AK12&AL12&AM12&AN12&AO12&AP12&AQ12 -> 293359121922739758970465924 | AS12: =IF(I12="","",IF(LEN(AR12)>33,","&LEFT(RIGHT(AR12,33),3),IF(LEN(AR12)<30,"",LEFT(AR12,LEN(AR12)-30))) &IF(LEN(AR12)>30,","&LEFT(RIGHT(AR12,30),3),IF(LEN(AR12)<27,"",LEFT(AR12,LEN(AR12)-27))) &IF(LEN(AR12)>27,","&LEFT(RIGHT(AR12,27),3),IF(LEN(AR12)<24,"",LEFT(AR12,LEN(AR12)-24))) &IF(LEN(AR12)>24,","&LEFT(RIGHT(AR12,24),3),IF(LEN(AR12)<21,"",LEFT(AR12,LEN(AR12)-21))) &IF(LEN(AR12)>21,","&LEFT(RIGHT(AR12,21),3),IF(LEN(AR12)<18,"",LEFT(AR12,LEN(AR12)-18))) &IF(LEN(AR12)>18,","&LEFT(RIGHT(AR12,18),3),IF(LEN(AR12)<15,"",LEFT(AR12,LEN(AR12)-15))) &IF(LEN(AR12)>15,","&LEFT(RIGHT(AR12,15),3),IF(LEN(AR12)<12,"",LEFT(AR12,LEN(AR12)-12))) &IF(LEN(AR12)>12,","&LEFT(RIGHT(AR12,12),3),IF(LEN(AR12)<9,"",LEFT(AR12,LEN(AR12)-9))) &IF(LEN(AR12)>9,","&LEFT(RIGHT(AR12,9),3),IF(LEN(AR12)<6,"",LEFT(AR12,LEN(AR12)-6))) &IF(LEN(AR12)>6,","&LEFT(RIGHT(AR12,6),3),IF(LEN(AR12)<3,"",LEFT(AR12,LEN(AR12)-3))) &IF(LEN(AR12)>3,","&RIGHT(AR12,3),AR12)) -> 293,359,121,922,739,758,970,465,924
B13: =IF(B6="","",AS8) -> 312,017,411,918,384,402,943,810,244 | C13: =IF(C6="","",AS9) -> 511,094,225,397,581,896,212,411,844 | D13: =IF(D6="","",AS10) | E13: =IF(F13="","No row sum",IF(F13=$D$11,"Row sum matches:","Row sum doesn't match:")) -> No row sum | F13: =IF($AA$23="","",$AA$23) | H13: f | I13: =IF(D7="","",D7) | J13: =IF(I13="","",VALUE(LEFT(RIGHT($K$5&$K$5&$K$5&I13,3*$I$5),$I$5))) | K13: =IF(I13="","",VALUE(LEFT(RIGHT($K$5&$K$5&I13,2*$I$5),$I$5))) | L13: =IF(I13="","",VALUE(RIGHT(I13,$I$5))) | M13: =IF(I13="","",INT(J13^2/$J$5)) | N13: =IF(I13="","",MOD(J13^2,$J$5)) | O13: =IF(I13="","",INT(2*J13*K13/$J$5)) | P13: =IF(I13="","",MOD(2*J13*K13,$J$5)) | Q13: =IF(I13="","",INT(2*J13*L13/$J$5)) | R13: =IF(I13="","",MOD(2*J13*L13,$J$5)) | S13: =IF(I13="","",INT(K13^2/$J$5)) | T13: =IF(I13="","",MOD(K13^2,$J$5)) | U13: =IF(I13="","",INT(2*K13*L13/$J$5)) | V13: =IF(I13="","",MOD(2*K13*L13,$J$5)) | W13: =IF(I13="","",INT(L13^2/$J$5)) | X13: =IF(I13="","",MOD(L13^2,$J$5)) | Y13: =IF(I13="","",INT(M13/$J$5)) | Z13: =IF(I13="","",MOD(M13,$J$5)) | AA13: =IF(I13="","",MOD(N13+O13+AG13,$J$5)) | AB13: =IF(I13="","",MOD(Q13+S13+P13+AH13,$J$5)) | AC13: =IF(I13="","",MOD(U13+R13+T13+AI13,$J$5)) | AD13: =IF(I13="","",MOD(W13+V13+AJ13,$J$5)) | AE13: =IF(I13="","",MOD(X13,$J$5)) | AF13: =IF(I13="","",INT((N13+O13+AG13)/$J$5)) | AG13: =IF(I13="","",IF(I13="","",INT((Q13+S13+P13+AH13)/$J$5))) | AH13: =IF(I13="","",INT((U13+R13+T13+AI13)/$J$5)) | AI13: =IF(I13="","",INT((W13+V13+AJ13)/$J$5)) | AJ13: =IF(I13="","",INT(X13/$J$5)) | AK13: =IF(I13="","",IF(Y13=0,"",Y13)) | AL13: =IF(I13="","",IF(AK13="",IF(Z13=0,"",Z13),RIGHT($K$5&Z13,$I$5))) | AM13: =IF(I13="","",IF(AL13="",IF(AA13=0,"",AA13),RIGHT($K$5&AA13,$I$5))) | AN13: =IF(I13="","",IF(AM13="",IF(AB13=0,"",AB13),RIGHT($K$5&AB13,$I$5))) | AO13: =IF(I13="","",IF(AN13="",IF(AC13=0,"",AC13),RIGHT($K$5&AC13,$I$5))) | AP13: =IF(I13="","",IF(AO13="",IF(AD13=0,"",AD13),RIGHT($K$5&AD13,$I$5))) | AQ13: =IF(I13="","",IF(AP13="",IF(AE13=0,"",AE13),RIGHT($K$5&AE13,$I$5))) | AR13: =AK13&AL13&AM13&AN13&AO13&AP13&AQ13 | AS13: =IF(I13="","",IF(LEN(AR13)>33,","&LEFT(RIGHT(AR13,33),3),IF(LEN(AR13)<30,"",LEFT(AR13,LEN(AR13)-30))) &IF(LEN(AR13)>30,","&LEFT(RIGHT(AR13,30),3),IF(LEN(AR13)<27,"",LEFT(AR13,LEN(AR13)-27))) &IF(LEN(AR13)>27,","&LEFT(RIGHT(AR13,27),3),IF(LEN(AR13)<24,"",LEFT(AR13,LEN(AR13)-24))) &IF(LEN(AR13)>24,","&LEFT(RIGHT(AR13,24),3),IF(LEN(AR13)<21,"",LEFT(AR13,LEN(AR13)-21))) &IF(LEN(AR13)>21,","&LEFT(RIGHT(AR13,21),3),IF(LEN(AR13)<18,"",LEFT(AR13,LEN(AR13)-18))) &IF(LEN(AR13)>18,","&LEFT(RIGHT(AR13,18),3),IF(LEN(AR13)<15,"",LEFT(AR13,LEN(AR13)-15))) &IF(LEN(AR13)>15,","&LEFT(RIGHT(AR13,15),3),IF(LEN(AR13)<12,"",LEFT(AR13,LEN(AR13)-12))) &IF(LEN(AR13)>12,","&LEFT(RIGHT(AR13,12),3),IF(LEN(AR13)<9,"",LEFT(AR13,LEN(AR13)-9))) &IF(LEN(AR13)>9,","&LEFT(RIGHT(AR13,9),3),IF(LEN(AR13)<6,"",LEFT(AR13,LEN(AR13)-6))) &IF(LEN(AR13)>6,","&LEFT(RIGHT(AR13,6),3),IF(LEN(AR13)<3,"",LEFT(AR13,LEN(AR13)-3))) &IF(LEN(AR13)>3,","&RIGHT(AR13,3),AR13))
B14: =IF(B7="","",AS11) | C14: =IF(C7="","",AS12) -> 293,359,121,922,739,758,970,465,924 | D14: =IF(D7="","",AS13) | E14: =IF(F14="","No row sum",IF(F14=$D$11,"Row sum matches:","Row sum doesn't match:")) -> No row sum | F14: =IF($AA$24="","",$AA$24) | H14: g | I14: =IF(B8="","",B8) -> 23016353216642 | J14: =IF(I14="","",VALUE(LEFT(RIGHT($K$5&$K$5&$K$5&I14,3*$I$5),$I$5))) -> 0 | K14: =IF(I14="","",VALUE(LEFT(RIGHT($K$5&$K$5&I14,2*$I$5),$I$5))) -> 2301635 | L14: =IF(I14="","",VALUE(RIGHT(I14,$I$5))) -> 3216642 | M14: =IF(I14="","",INT(J14^2/$J$5)) -> 0 | N14: =IF(I14="","",MOD(J14^2,$J$5)) -> 0 | O14: =IF(I14="","",INT(2*J14*K14/$J$5)) -> 0 | P14: =IF(I14="","",MOD(2*J14*K14,$J$5)) -> 0 | Q14: =IF(I14="","",INT(2*J14*L14/$J$5)) -> 0 | R14: =IF(I14="","",MOD(2*J14*L14,$J$5)) -> 0 | S14: =IF(I14="","",INT(K14^2/$J$5)) -> 529752 | T14: =IF(I14="","",MOD(K14^2,$J$5)) -> 3673225 | U14: =IF(I14="","",INT(2*K14*L14/$J$5)) -> 1480707 | V14: =IF(I14="","",MOD(2*K14*L14,$J$5)) -> 1619340 | W14: =IF(I14="","",INT(L14^2/$J$5)) -> 1034678 | X14: =IF(I14="","",MOD(L14^2,$J$5)) -> 5756164 | Y14: =IF(I14="","",INT(M14/$J$5)) -> 0 | Z14: =IF(I14="","",MOD(M14,$J$5)) -> 0 | AA14: =IF(I14="","",MOD(N14+O14+AG14,$J$5)) -> 0 | AB14: =IF(I14="","",MOD(Q14+S14+P14+AH14,$J$5)) -> 529752 | AC14: =IF(I14="","",MOD(U14+R14+T14+AI14,$J$5)) -> 5153932 | AD14: =IF(I14="","",MOD(W14+V14+AJ14,$J$5)) -> 2654018 | AE14: =IF(I14="","",MOD(X14,$J$5)) -> 5756164 | AF14: =IF(I14="","",INT((N14+O14+AG14)/$J$5)) -> 0 | AG14: =IF(I14="","",IF(I14="","",INT((Q14+S14+P14+AH14)/$J$5))) -> 0 | AH14: =IF(I14="","",INT((U14+R14+T14+AI14)/$J$5)) -> 0 | AI14: =IF(I14="","",INT((W14+V14+AJ14)/$J$5)) -> 0 | AJ14: =IF(I14="","",INT(X14/$J$5)) -> 0 | AK14: =IF(I14="","",IF(Y14=0,"",Y14)) | AL14: =IF(I14="","",IF(AK14="",IF(Z14=0,"",Z14),RIGHT($K$5&Z14,$I$5))) | AM14: =IF(I14="","",IF(AL14="",IF(AA14=0,"",AA14),RIGHT($K$5&AA14,$I$5))) | AN14: =IF(I14="","",IF(AM14="",IF(AB14=0,"",AB14),RIGHT($K$5&AB14,$I$5))) -> 529752 | AO14: =IF(I14="","",IF(AN14="",IF(AC14=0,"",AC14),RIGHT($K$5&AC14,$I$5))) -> 5153932 | AP14: =IF(I14="","",IF(AO14="",IF(AD14=0,"",AD14),RIGHT($K$5&AD14,$I$5))) -> 2654018 | AQ14: =IF(I14="","",IF(AP14="",IF(AE14=0,"",AE14),RIGHT($K$5&AE14,$I$5))) -> 5756164 | AR14: =AK14&AL14&AM14&AN14&AO14&AP14&AQ14 -> 529752515393226540185756164 | AS14: =IF(I14="","",IF(LEN(AR14)>33,","&LEFT(RIGHT(AR14,33),3),IF(LEN(AR14)<30,"",LEFT(AR14,LEN(AR14)-30))) &IF(LEN(AR14)>30,","&LEFT(RIGHT(AR14,30),3),IF(LEN(AR14)<27,"",LEFT(AR14,LEN(AR14)-27))) &IF(LEN(AR14)>27,","&LEFT(RIGHT(AR14,27),3),IF(LEN(AR14)<24,"",LEFT(AR14,LEN(AR14)-24))) &IF(LEN(AR14)>24,","&LEFT(RIGHT(AR14,24),3),IF(LEN(AR14)<21,"",LEFT(AR14,LEN(AR14)-21))) &IF(LEN(AR14)>21,","&LEFT(RIGHT(AR14,21),3),IF(LEN(AR14)<18,"",LEFT(AR14,LEN(AR14)-18))) &IF(LEN(AR14)>18,","&LEFT(RIGHT(AR14,18),3),IF(LEN(AR14)<15,"",LEFT(AR14,LEN(AR14)-15))) &IF(LEN(AR14)>15,","&LEFT(RIGHT(AR14,15),3),IF(LEN(AR14)<12,"",LEFT(AR14,LEN(AR14)-12))) &IF(LEN(AR14)>12,","&LEFT(RIGHT(AR14,12),3),IF(LEN(AR14)<9,"",LEFT(AR14,LEN(AR14)-9))) &IF(LEN(AR14)>9,","&LEFT(RIGHT(AR14,9),3),IF(LEN(AR14)<6,"",LEFT(AR14,LEN(AR14)-6))) &IF(LEN(AR14)>6,","&LEFT(RIGHT(AR14,6),3),IF(LEN(AR14)<3,"",LEFT(AR14,LEN(AR14)-3))) &IF(LEN(AR14)>3,","&RIGHT(AR14,3),AR14)) -> 529,752,515,393,226,540,185,756,164
B15: =IF(B8="","",AS14) -> 529,752,515,393,226,540,185,756,164 | C15: =IF(C8="","",AS15) -> 75,624,018,447,897,621,728,520,004 | D15: =IF(D8="","",AS16) -> 274,700,831,927,095,114,997,121,604 | E15: =IF(F15="","No row sum",IF(F15=$D$11,"Row sum matches:","Row sum doesn't match:")) -> Row sum matches: | F15: =IF($AA$25="","",$AA$25) -> 880,077,365,768,219,276,911,397,772 | H15: h | I15: =IF(C8="","",C8) -> 8696207130002 | J15: =IF(I15="","",VALUE(LEFT(RIGHT($K$5&$K$5&$K$5&I15,3*$I$5),$I$5))) -> 0 | K15: =IF(I15="","",VALUE(LEFT(RIGHT($K$5&$K$5&I15,2*$I$5),$I$5))) -> 869620 | L15: =IF(I15="","",VALUE(RIGHT(I15,$I$5))) -> 7130002 | M15: =IF(I15="","",INT(J15^2/$J$5)) -> 0 | N15: =IF(I15="","",MOD(J15^2,$J$5)) -> 0 | O15: =IF(I15="","",INT(2*J15*K15/$J$5)) -> 0 | P15: =IF(I15="","",MOD(2*J15*K15,$J$5)) -> 0 | Q15: =IF(I15="","",INT(2*J15*L15/$J$5)) -> 0 | R15: =IF(I15="","",MOD(2*J15*L15,$J$5)) -> 0 | S15: =IF(I15="","",INT(K15^2/$J$5)) -> 75623 | T15: =IF(I15="","",MOD(K15^2,$J$5)) -> 8944400 | U15: =IF(I15="","",INT(2*K15*L15/$J$5)) -> 1240078 | V15: =IF(I15="","",MOD(2*K15*L15,$J$5)) -> 4678480 | W15: =IF(I15="","",INT(L15^2/$J$5)) -> 5083692 | X15: =IF(I15="","",MOD(L15^2,$J$5)) -> 8520004 | Y15: =IF(I15="","",INT(M15/$J$5)) -> 0 | Z15: =IF(I15="","",MOD(M15,$J$5)) -> 0 | AA15: =IF(I15="","",MOD(N15+O15+AG15,$J$5)) -> 0 | AB15: =IF(I15="","",MOD(Q15+S15+P15+AH15,$J$5)) -> 75624 | AC15: =IF(I15="","",MOD(U15+R15+T15+AI15,$J$5)) -> 184478 | AD15: =IF(I15="","",MOD(W15+V15+AJ15,$J$5)) -> 9762172 | AE15: =IF(I15="","",MOD(X15,$J$5)) -> 8520004 | AF15: =IF(I15="","",INT((N15+O15+AG15)/$J$5)) -> 0 | AG15: =IF(I15="","",IF(I15="","",INT((Q15+S15+P15+AH15)/$J$5))) -> 0 | AH15: =IF(I15="","",INT((U15+R15+T15+AI15)/$J$5)) -> 1 | AI15: =IF(I15="","",INT((W15+V15+AJ15)/$J$5)) -> 0 | AJ15: =IF(I15="","",INT(X15/$J$5)) -> 0 | AK15: =IF(I15="","",IF(Y15=0,"",Y15)) | AL15: =IF(I15="","",IF(AK15="",IF(Z15=0,"",Z15),RIGHT($K$5&Z15,$I$5))) | AM15: =IF(I15="","",IF(AL15="",IF(AA15=0,"",AA15),RIGHT($K$5&AA15,$I$5))) | AN15: =IF(I15="","",IF(AM15="",IF(AB15=0,"",AB15),RIGHT($K$5&AB15,$I$5))) -> 75624 | AO15: =IF(I15="","",IF(AN15="",IF(AC15=0,"",AC15),RIGHT($K$5&AC15,$I$5))) -> 0184478 | AP15: =IF(I15="","",IF(AO15="",IF(AD15=0,"",AD15),RIGHT($K$5&AD15,$I$5))) -> 9762172 | AQ15: =IF(I15="","",IF(AP15="",IF(AE15=0,"",AE15),RIGHT($K$5&AE15,$I$5))) -> 8520004 | AR15: =AK15&AL15&AM15&AN15&AO15&AP15&AQ15 -> 75624018447897621728520004 | AS15: =IF(I15="","",IF(LEN(AR15)>33,","&LEFT(RIGHT(AR15,33),3),IF(LEN(AR15)<30,"",LEFT(AR15,LEN(AR15)-30))) &IF(LEN(AR15)>30,","&LEFT(RIGHT(AR15,30),3),IF(LEN(AR15)<27,"",LEFT(AR15,LEN(AR15)-27))) &IF(LEN(AR15)>27,","&LEFT(RIGHT(AR15,27),3),IF(LEN(AR15)<24,"",LEFT(AR15,LEN(AR15)-24))) &IF(LEN(AR15)>24,","&LEFT(RIGHT(AR15,24),3),IF(LEN(AR15)<21,"",LEFT(AR15,LEN(AR15)-21))) &IF(LEN(AR15)>21,","&LEFT(RIGHT(AR15,21),3),IF(LEN(AR15)<18,"",LEFT(AR15,LEN(AR15)-18))) &IF(LEN(AR15)>18,","&LEFT(RIGHT(AR15,18),3),IF(LEN(AR15)<15,"",LEFT(AR15,LEN(AR15)-15))) &IF(LEN(AR15)>15,","&LEFT(RIGHT(AR15,15),3),IF(LEN(AR15)<12,"",LEFT(AR15,LEN(AR15)-12))) &IF(LEN(AR15)>12,","&LEFT(RIGHT(AR15,12),3),IF(LEN(AR15)<9,"",LEFT(AR15,LEN(AR15)-9))) &IF(LEN(AR15)>9,","&LEFT(RIGHT(AR15,9),3),IF(LEN(AR15)<6,"",LEFT(AR15,LEN(AR15)-6))) &IF(LEN(AR15)>6,","&LEFT(RIGHT(AR15,6),3),IF(LEN(AR15)<3,"",LEFT(AR15,LEN(AR15)-3))) &IF(LEN(AR15)>3,","&RIGHT(AR15,3),AR15)) -> 75,624,018,447,897,621,728,520,004
B16: =IF(B17="","No column sum",IF(B17=$D$11,"Column sum matches:","Column sum doesn't match:")) -> No column sum | C16: =IF(C17="","No column sum",IF(C17=$D$11,"Column sum matches:","Column sum doesn't match:")) -> Column sum matches: | D16: =IF(D17="","No column sum",IF(D17=$D$11,"Column sum matches:","Column sum doesn't match:")) -> No column sum | H16: i | I16: =IF(D8="","",D8) -> 16574101240402 | J16: =IF(I16="","",VALUE(LEFT(RIGHT($K$5&$K$5&$K$5&I16,3*$I$5),$I$5))) -> 0 | K16: =IF(I16="","",VALUE(LEFT(RIGHT($K$5&$K$5&I16,2*$I$5),$I$5))) -> 1657410 | L16: =IF(I16="","",VALUE(RIGHT(I16,$I$5))) -> 1240402 | M16: =IF(I16="","",INT(J16^2/$J$5)) -> 0 | N16: =IF(I16="","",MOD(J16^2,$J$5)) -> 0 | O16: =IF(I16="","",INT(2*J16*K16/$J$5)) -> 0 | P16: =IF(I16="","",MOD(2*J16*K16,$J$5)) -> 0 | Q16: =IF(I16="","",INT(2*J16*L16/$J$5)) -> 0 | R16: =IF(I16="","",MOD(2*J16*L16,$J$5)) -> 0 | S16: =IF(I16="","",INT(K16^2/$J$5)) -> 274700 | T16: =IF(I16="","",MOD(K16^2,$J$5)) -> 7908100 | U16: =IF(I16="","",INT(2*K16*L16/$J$5)) -> 411170 | V16: =IF(I16="","",MOD(2*K16*L16,$J$5)) -> 9357640 | W16: =IF(I16="","",INT(L16^2/$J$5)) -> 153859 | X16: =IF(I16="","",MOD(L16^2,$J$5)) -> 7121604 | Y16: =IF(I16="","",INT(M16/$J$5)) -> 0 | Z16: =IF(I16="","",MOD(M16,$J$5)) -> 0 | AA16: =IF(I16="","",MOD(N16+O16+AG16,$J$5)) -> 0 | AB16: =IF(I16="","",MOD(Q16+S16+P16+AH16,$J$5)) -> 274700 | AC16: =IF(I16="","",MOD(U16+R16+T16+AI16,$J$5)) -> 8319270 | AD16: =IF(I16="","",MOD(W16+V16+AJ16,$J$5)) -> 9511499 | AE16: =IF(I16="","",MOD(X16,$J$5)) -> 7121604 | AF16: =IF(I16="","",INT((N16+O16+AG16)/$J$5)) -> 0 | AG16: =IF(I16="","",IF(I16="","",INT((Q16+S16+P16+AH16)/$J$5))) -> 0 | AH16: =IF(I16="","",INT((U16+R16+T16+AI16)/$J$5)) -> 0 | AI16: =IF(I16="","",INT((W16+V16+AJ16)/$J$5)) -> 0 | AJ16: =IF(I16="","",INT(X16/$J$5)) -> 0 | AK16: =IF(I16="","",IF(Y16=0,"",Y16)) | AL16: =IF(I16="","",IF(AK16="",IF(Z16=0,"",Z16),RIGHT($K$5&Z16,$I$5))) | AM16: =IF(I16="","",IF(AL16="",IF(AA16=0,"",AA16),RIGHT($K$5&AA16,$I$5))) | AN16: =IF(I16="","",IF(AM16="",IF(AB16=0,"",AB16),RIGHT($K$5&AB16,$I$5))) -> 274700 | AO16: =IF(I16="","",IF(AN16="",IF(AC16=0,"",AC16),RIGHT($K$5&AC16,$I$5))) -> 8319270 | AP16: =IF(I16="","",IF(AO16="",IF(AD16=0,"",AD16),RIGHT($K$5&AD16,$I$5))) -> 9511499 | AQ16: =IF(I16="","",IF(AP16="",IF(AE16=0,"",AE16),RIGHT($K$5&AE16,$I$5))) -> 7121604 | AR16: =AK16&AL16&AM16&AN16&AO16&AP16&AQ16 -> 274700831927095114997121604 | AS16: =IF(I16="","",IF(LEN(AR16)>33,","&LEFT(RIGHT(AR16,33),3),IF(LEN(AR16)<30,"",LEFT(AR16,LEN(AR16)-30))) &IF(LEN(AR16)>30,","&LEFT(RIGHT(AR16,30),3),IF(LEN(AR16)<27,"",LEFT(AR16,LEN(AR16)-27))) &IF(LEN(AR16)>27,","&LEFT(RIGHT(AR16,27),3),IF(LEN(AR16)<24,"",LEFT(AR16,LEN(AR16)-24))) &IF(LEN(AR16)>24,","&LEFT(RIGHT(AR16,24),3),IF(LEN(AR16)<21,"",LEFT(AR16,LEN(AR16)-21))) &IF(LEN(AR16)>21,","&LEFT(RIGHT(AR16,21),3),IF(LEN(AR16)<18,"",LEFT(AR16,LEN(AR16)-18))) &IF(LEN(AR16)>18,","&LEFT(RIGHT(AR16,18),3),IF(LEN(AR16)<15,"",LEFT(AR16,LEN(AR16)-15))) &IF(LEN(AR16)>15,","&LEFT(RIGHT(AR16,15),3),IF(LEN(AR16)<12,"",LEFT(AR16,LEN(AR16)-12))) &IF(LEN(AR16)>12,","&LEFT(RIGHT(AR16,12),3),IF(LEN(AR16)<9,"",LEFT(AR16,LEN(AR16)-9))) &IF(LEN(AR16)>9,","&LEFT(RIGHT(AR16,9),3),IF(LEN(AR16)<6,"",LEFT(AR16,LEN(AR16)-6))) &IF(LEN(AR16)>6,","&LEFT(RIGHT(AR16,6),3),IF(LEN(AR16)<3,"",LEFT(AR16,LEN(AR16)-3))) &IF(LEN(AR16)>3,","&RIGHT(AR16,3),AR16)) -> 274,700,831,927,095,114,997,121,604
B17: =IF($AA$26="","",$AA$26) | C17: =IF($AA$27="","",$AA$27) -> 880,077,365,768,219,276,911,397,772 | D17: =IF($AA$28="","",$AA$28) | E17: =IF(F17="","No diagonal sum",IF(F17=$D$11,"Diagonal sum matches:","Diagonal sum doesn't match:")) -> Diagonal sum matches: | F17: =IF($AA$22="","",$AA$22) -> 880,077,365,768,219,276,911,397,772
I18: Values to Sum | L18: Value 1 | O18: Value 2 | R18: Value 3 | U18: Sum | X18: Carry
I19: Value 1 | J19: Value 2 | K19: Value 3 | L19: Segment a | M19: Segment b | N19: Segment c | O19: Segment a | P19: Segment b | Q19: Segment c | R19: Segment a | S19: Segment b | T19: Segment c | U19: Segment a | V19: Segment b | W19: Segment c | X19: Segment b | Y19: Segment c | Z19: Sum | AA19: Added Comma Separators
H20: 3 E | I20: =IF($C$14="","",SUBSTITUTE($C$14,",","")) -> 293359121922739758970465924 | J20: =IF($C$14="","",SUBSTITUTE($C$14,",","")) -> 293359121922739758970465924 | K20: =IF($C$14="","",SUBSTITUTE($C$14,",","")) -> 293359121922739758970465924 | L20: =IF(OR($I20="",$J20="",$K20=""),"",IF(LEN($I20)<4*$I$5,"",LEFT($I20,LEN($I20)-4*$I$5))) | M20: =IF(OR($I20="",$J20="",$K20=""),"",IF(LEN($I20)<=2*$I$5,"",IF(LEN($I20)<4*$I$5,LEFT($I20,LEN($I20)-2*$I$5),LEFT(RIGHT($I20,4*$I$5),2*$I$5)))) -> 2933591219227 | N20: =IF(OR($I20="",$J20="",$K20=""),"",IF(LEN($I20)<2*$I$5,$I20,RIGHT($I20,2*$I$5))) -> 39758970465924 | O20: =IF(OR($I20="",$J20="",$K20=""),"",IF(LEN($J20)<4*$I$5,"",LEFT($J20,LEN($J20)-4*$I$5))) | P20: =IF(OR($I20="",$J20="",$K20=""),"",IF(LEN($J20)<=2*$I$5,"",IF(LEN($J20)<4*$I$5,LEFT($J20,LEN($J20)-2*$I$5),LEFT(RIGHT($J20,4*$I$5),2*$I$5)))) -> 2933591219227 | Q20: =IF(OR($I20="",$J20="",$K20=""),"",IF(LEN($J20)<2*$I$5,$J20,RIGHT($J20,2*$I$5))) -> 39758970465924 | R20: =IF(OR($I20="",$J20="",$K20=""),"",IF(LEN($K20)<4*$I$5,"",LEFT($K20,LEN($K20)-4*$I$5))) | S20: =IF(OR($I20="",$J20="",$K20=""),"",IF(LEN($K20)<=2*$I$5,"",IF(LEN($K20)<4*$I$5,LEFT($K20,LEN($K20)-2*$I$5),LEFT(RIGHT($K20,4*$I$5),2*$I$5)))) -> 2933591219227 | T20: =IF(OR($I20="",$J20="",$K20=""),"",IF(LEN($K20)<2*$I$5,$K20,RIGHT($K20,2*$I$5))) -> 39758970465924 | U20: =IF(OR($I20="",$J20="",$K20=""),"",IF(L20="",0,L20)+IF(O20="",0,O20)+IF(R20="",0,R20)+IF(X20="",0,X20)) -> 0 | V20: =IF(OR($I20="",$J20="",$K20=""),"",MOD(IF(S20="",0,S20)+IF(P20="",0,P20)+IF(M20="",0,M20)+IF(Y20="",0,Y20),$J$5^2)) -> 8800773657682 | W20: =IF(OR($I20="",$J20="",$K20=""),"",MOD(IF(T20="",0,T20)+IF(Q20="",0,Q20)+IF(N20="",0,N20),$J$5^2)) -> 19276911397772 | X20: =IF(OR($I20="",$J20="",$K20=""),"",INT((IF(S20="",0,S20)+IF(P20="",0,P20)+IF(M20="",0,M20)+IF(Y20="",0,Y20))/($J$5^2))) -> 0 | Y20: =IF(OR($I20="",$J20="",$K20=""),"",INT((IF(T20="",0,T20)+IF(Q20="",0,Q20)+IF(N20="",0,N20))/($J$5^2))) -> 1 | Z20: =IF(OR($I20="",$J20="",$K20=""),"",IF(OR(U20="",U20=0),"",U20)&IF(OR(U20="",U20=0),IF(OR(V20="",V20=0),"",V20),RIGHT($K$5&$K$5&V20,2*$I$5))&IF(AND(OR(U20="",U20=0),OR(V20="",V20=0)),IF(OR(W20="",W20=0),"",W20),RIGHT($K$5&$K$5&W20,2*$I$5))) -> 880077365768219276911397772 | AA20: =IF(Z20="","",IF(LEN(Z20)>33,","&LEFT(RIGHT(Z20,33),3),IF(LEN(Z20)<30,"",LEFT(Z20,LEN(Z20)-30))) &IF(LEN(Z20)>30,","&LEFT(RIGHT(Z20,30),3),IF(LEN(Z20)<27,"",LEFT(Z20,LEN(Z20)-27))) &IF(LEN(Z20)>27,","&LEFT(RIGHT(Z20,27),3),IF(LEN(Z20)<24,"",LEFT(Z20,LEN(Z20)-24))) &IF(LEN(Z20)>24,","&LEFT(RIGHT(Z20,24),3),IF(LEN(Z20)<21,"",LEFT(Z20,LEN(Z20)-21))) &IF(LEN(Z20)>21,","&LEFT(RIGHT(Z20,21),3),IF(LEN(Z20)<18,"",LEFT(Z20,LEN(Z20)-18))) &IF(LEN(Z20)>18,","&LEFT(RIGHT(Z20,18),3),IF(LEN(Z20)<15,"",LEFT(Z20,LEN(Z20)-15))) &IF(LEN(Z20)>15,","&LEFT(RIGHT(Z20,15),3),IF(LEN(Z20)<12,"",LEFT(Z20,LEN(Z20)-12))) &IF(LEN(Z20)>12,","&LEFT(RIGHT(Z20,12),3),IF(LEN(Z20)<9,"",LEFT(Z20,LEN(Z20)-9))) &IF(LEN(Z20)>9,","&LEFT(RIGHT(Z20,9),3),IF(LEN(Z20)<6,"",LEFT(Z20,LEN(Z20)-6))) &IF(LEN(Z20)>6,","&LEFT(RIGHT(Z20,6),3),IF(LEN(Z20)<3,"",LEFT(Z20,LEN(Z20)-3))) &IF(LEN(Z20)>3,","&RIGHT(Z20,3),Z20)) -> 880,077,365,768,219,276,911,397,772
H21: Diag 1 | I21: =IF($B$15="","",SUBSTITUTE($B$15,",","")) -> 529752515393226540185756164 | J21: =IF($C$14="","",SUBSTITUTE($C$14,",","")) -> 293359121922739758970465924 | K21: =IF($D$13="","",SUBSTITUTE($D$13,",","")) | L21: =IF(OR($I21="",$J21="",$K21=""),"",IF(LEN($I21)<4*$I$5,"",LEFT($I21,LEN($I21)-4*$I$5))) | M21: =IF(OR($I21="",$J21="",$K21=""),"",IF(LEN($I21)<=2*$I$5,"",IF(LEN($I21)<4*$I$5,LEFT($I21,LEN($I21)-2*$I$5),LEFT(RIGHT($I21,4*$I$5),2*$I$5)))) | N21: =IF(OR($I21="",$J21="",$K21=""),"",IF(LEN($I21)<2*$I$5,$I21,RIGHT($I21,2*$I$5))) | O21: =IF(OR($I21="",$J21="",$K21=""),"",IF(LEN($J21)<4*$I$5,"",LEFT($J21,LEN($J21)-4*$I$5))) | P21: =IF(OR($I21="",$J21="",$K21=""),"",IF(LEN($J21)<=2*$I$5,"",IF(LEN($J21)<4*$I$5,LEFT($J21,LEN($J21)-2*$I$5),LEFT(RIGHT($J21,4*$I$5),2*$I$5)))) | Q21: =IF(OR($I21="",$J21="",$K21=""),"",IF(LEN($J21)<2*$I$5,$J21,RIGHT($J21,2*$I$5))) | R21: =IF(OR($I21="",$J21="",$K21=""),"",IF(LEN($K21)<4*$I$5,"",LEFT($K21,LEN($K21)-4*$I$5))) | S21: =IF(OR($I21="",$J21="",$K21=""),"",IF(LEN($K21)<=2*$I$5,"",IF(LEN($K21)<4*$I$5,LEFT($K21,LEN($K21)-2*$I$5),LEFT(RIGHT($K21,4*$I$5),2*$I$5)))) | T21: =IF(OR($I21="",$J21="",$K21=""),"",IF(LEN($K21)<2*$I$5,$K21,RIGHT($K21,2*$I$5))) | U21: =IF(OR($I21="",$J21="",$K21=""),"",IF(L21="",0,L21)+IF(O21="",0,O21)+IF(R21="",0,R21)+IF(X21="",0,X21)) | V21: =IF(OR($I21="",$J21="",$K21=""),"",MOD(IF(S21="",0,S21)+IF(P21="",0,P21)+IF(M21="",0,M21)+IF(Y21="",0,Y21),$J$5^2)) | W21: =IF(OR($I21="",$J21="",$K21=""),"",MOD(IF(T21="",0,T21)+IF(Q21="",0,Q21)+IF(N21="",0,N21),$J$5^2)) | X21: =IF(OR($I21="",$J21="",$K21=""),"",INT((IF(S21="",0,S21)+IF(P21="",0,P21)+IF(M21="",0,M21)+IF(Y21="",0,Y21))/($J$5^2))) | Y21: =IF(OR($I21="",$J21="",$K21=""),"",INT((IF(T21="",0,T21)+IF(Q21="",0,Q21)+IF(N21="",0,N21))/($J$5^2))) | Z21: =IF(OR($I21="",$J21="",$K21=""),"",IF(OR(U21="",U21=0),"",U21)&IF(OR(U21="",U21=0),IF(OR(V21="",V21=0),"",V21),RIGHT($K$5&$K$5&V21,2*$I$5))&IF(AND(OR(U21="",U21=0),OR(V21="",V21=0)),IF(OR(W21="",W21=0),"",W21),RIGHT($K$5&$K$5&W21,2*$I$5))) | AA21: =IF(Z21="","",IF(LEN(Z21)>33,","&LEFT(RIGHT(Z21,33),3),IF(LEN(Z21)<30,"",LEFT(Z21,LEN(Z21)-30))) &IF(LEN(Z21)>30,","&LEFT(RIGHT(Z21,30),3),IF(LEN(Z21)<27,"",LEFT(Z21,LEN(Z21)-27))) &IF(LEN(Z21)>27,","&LEFT(RIGHT(Z21,27),3),IF(LEN(Z21)<24,"",LEFT(Z21,LEN(Z21)-24))) &IF(LEN(Z21)>24,","&LEFT(RIGHT(Z21,24),3),IF(LEN(Z21)<21,"",LEFT(Z21,LEN(Z21)-21))) &IF(LEN(Z21)>21,","&LEFT(RIGHT(Z21,21),3),IF(LEN(Z21)<18,"",LEFT(Z21,LEN(Z21)-18))) &IF(LEN(Z21)>18,","&LEFT(RIGHT(Z21,18),3),IF(LEN(Z21)<15,"",LEFT(Z21,LEN(Z21)-15))) &IF(LEN(Z21)>15,","&LEFT(RIGHT(Z21,15),3),IF(LEN(Z21)<12,"",LEFT(Z21,LEN(Z21)-12))) &IF(LEN(Z21)>12,","&LEFT(RIGHT(Z21,12),3),IF(LEN(Z21)<9,"",LEFT(Z21,LEN(Z21)-9))) &IF(LEN(Z21)>9,","&LEFT(RIGHT(Z21,9),3),IF(LEN(Z21)<6,"",LEFT(Z21,LEN(Z21)-6))) &IF(LEN(Z21)>6,","&LEFT(RIGHT(Z21,6),3),IF(LEN(Z21)<3,"",LEFT(Z21,LEN(Z21)-3))) &IF(LEN(Z21)>3,","&RIGHT(Z21,3),Z21))
H22: Diag 2 | I22: =IF($B$13="","",SUBSTITUTE($B$13,",","")) -> 312017411918384402943810244 | J22: =IF($C$14="","",SUBSTITUTE($C$14,",","")) -> 293359121922739758970465924 | K22: =IF($D$15="","",SUBSTITUTE($D$15,",","")) -> 274700831927095114997121604 | L22: =IF(OR($I22="",$J22="",$K22=""),"",IF(LEN($I22)<4*$I$5,"",LEFT($I22,LEN($I22)-4*$I$5))) | M22: =IF(OR($I22="",$J22="",$K22=""),"",IF(LEN($I22)<=2*$I$5,"",IF(LEN($I22)<4*$I$5,LEFT($I22,LEN($I22)-2*$I$5),LEFT(RIGHT($I22,4*$I$5),2*$I$5)))) -> 3120174119183 | N22: =IF(OR($I22="",$J22="",$K22=""),"",IF(LEN($I22)<2*$I$5,$I22,RIGHT($I22,2*$I$5))) -> 84402943810244 | O22: =IF(OR($I22="",$J22="",$K22=""),"",IF(LEN($J22)<4*$I$5,"",LEFT($J22,LEN($J22)-4*$I$5))) | P22: =IF(OR($I22="",$J22="",$K22=""),"",IF(LEN($J22)<=2*$I$5,"",IF(LEN($J22)<4*$I$5,LEFT($J22,LEN($J22)-2*$I$5),LEFT(RIGHT($J22,4*$I$5),2*$I$5)))) -> 2933591219227 | Q22: =IF(OR($I22="",$J22="",$K22=""),"",IF(LEN($J22)<2*$I$5,$J22,RIGHT($J22,2*$I$5))) -> 39758970465924 | R22: =IF(OR($I22="",$J22="",$K22=""),"",IF(LEN($K22)<4*$I$5,"",LEFT($K22,LEN($K22)-4*$I$5))) | S22: =IF(OR($I22="",$J22="",$K22=""),"",IF(LEN($K22)<=2*$I$5,"",IF(LEN($K22)<4*$I$5,LEFT($K22,LEN($K22)-2*$I$5),LEFT(RIGHT($K22,4*$I$5),2*$I$5)))) -> 2747008319270 | T22: =IF(OR($I22="",$J22="",$K22=""),"",IF(LEN($K22)<2*$I$5,$K22,RIGHT($K22,2*$I$5))) -> 95114997121604 | U22: =IF(OR($I22="",$J22="",$K22=""),"",IF(L22="",0,L22)+IF(O22="",0,O22)+IF(R22="",0,R22)+IF(X22="",0,X22)) -> 0 | V22: =IF(OR($I22="",$J22="",$K22=""),"",MOD(IF(S22="",0,S22)+IF(P22="",0,P22)+IF(M22="",0,M22)+IF(Y22="",0,Y22),$J$5^2)) -> 8800773657682 | W22: =IF(OR($I22="",$J22="",$K22=""),"",MOD(IF(T22="",0,T22)+IF(Q22="",0,Q22)+IF(N22="",0,N22),$J$5^2)) -> 19276911397772 | X22: =IF(OR($I22="",$J22="",$K22=""),"",INT((IF(S22="",0,S22)+IF(P22="",0,P22)+IF(M22="",0,M22)+IF(Y22="",0,Y22))/($J$5^2))) -> 0 | Y22: =IF(OR($I22="",$J22="",$K22=""),"",INT((IF(T22="",0,T22)+IF(Q22="",0,Q22)+IF(N22="",0,N22))/($J$5^2))) -> 2 | Z22: =IF(OR($I22="",$J22="",$K22=""),"",IF(OR(U22="",U22=0),"",U22)&IF(OR(U22="",U22=0),IF(OR(V22="",V22=0),"",V22),RIGHT($K$5&$K$5&V22,2*$I$5))&IF(AND(OR(U22="",U22=0),OR(V22="",V22=0)),IF(OR(W22="",W22=0),"",W22),RIGHT($K$5&$K$5&W22,2*$I$5))) -> 880077365768219276911397772 | AA22: =IF(Z22="","",IF(LEN(Z22)>33,","&LEFT(RIGHT(Z22,33),3),IF(LEN(Z22)<30,"",LEFT(Z22,LEN(Z22)-30))) &IF(LEN(Z22)>30,","&LEFT(RIGHT(Z22,30),3),IF(LEN(Z22)<27,"",LEFT(Z22,LEN(Z22)-27))) &IF(LEN(Z22)>27,","&LEFT(RIGHT(Z22,27),3),IF(LEN(Z22)<24,"",LEFT(Z22,LEN(Z22)-24))) &IF(LEN(Z22)>24,","&LEFT(RIGHT(Z22,24),3),IF(LEN(Z22)<21,"",LEFT(Z22,LEN(Z22)-21))) &IF(LEN(Z22)>21,","&LEFT(RIGHT(Z22,21),3),IF(LEN(Z22)<18,"",LEFT(Z22,LEN(Z22)-18))) &IF(LEN(Z22)>18,","&LEFT(RIGHT(Z22,18),3),IF(LEN(Z22)<15,"",LEFT(Z22,LEN(Z22)-15))) &IF(LEN(Z22)>15,","&LEFT(RIGHT(Z22,15),3),IF(LEN(Z22)<12,"",LEFT(Z22,LEN(Z22)-12))) &IF(LEN(Z22)>12,","&LEFT(RIGHT(Z22,12),3),IF(LEN(Z22)<9,"",LEFT(Z22,LEN(Z22)-9))) &IF(LEN(Z22)>9,","&LEFT(RIGHT(Z22,9),3),IF(LEN(Z22)<6,"",LEFT(Z22,LEN(Z22)-6))) &IF(LEN(Z22)>6,","&LEFT(RIGHT(Z22,6),3),IF(LEN(Z22)<3,"",LEFT(Z22,LEN(Z22)-3))) &IF(LEN(Z22)>3,","&RIGHT(Z22,3),Z22)) -> 880,077,365,768,219,276,911,397,772
H23: Row 1 | I23: =IF($B$13="","",SUBSTITUTE($B$13,",","")) -> 312017411918384402943810244 | J23: =IF($C$13="","",SUBSTITUTE($C$13,",","")) -> 511094225397581896212411844 | K23: =IF($D$13="","",SUBSTITUTE($D$13,",","")) | L23: =IF(OR($I23="",$J23="",$K23=""),"",IF(LEN($I23)<4*$I$5,"",LEFT($I23,LEN($I23)-4*$I$5))) | M23: =IF(OR($I23="",$J23="",$K23=""),"",IF(LEN($I23)<=2*$I$5,"",IF(LEN($I23)<4*$I$5,LEFT($I23,LEN($I23)-2*$I$5),LEFT(RIGHT($I23,4*$I$5),2*$I$5)))) | N23: =IF(OR($I23="",$J23="",$K23=""),"",IF(LEN($I23)<2*$I$5,$I23,RIGHT($I23,2*$I$5))) | O23: =IF(OR($I23="",$J23="",$K23=""),"",IF(LEN($J23)<4*$I$5,"",LEFT($J23,LEN($J23)-4*$I$5))) | P23: =IF(OR($I23="",$J23="",$K23=""),"",IF(LEN($J23)<=2*$I$5,"",IF(LEN($J23)<4*$I$5,LEFT($J23,LEN($J23)-2*$I$5),LEFT(RIGHT($J23,4*$I$5),2*$I$5)))) | Q23: =IF(OR($I23="",$J23="",$K23=""),"",IF(LEN($J23)<2*$I$5,$J23,RIGHT($J23,2*$I$5))) | R23: =IF(OR($I23="",$J23="",$K23=""),"",IF(LEN($K23)<4*$I$5,"",LEFT($K23,LEN($K23)-4*$I$5))) | S23: =IF(OR($I23="",$J23="",$K23=""),"",IF(LEN($K23)<=2*$I$5,"",IF(LEN($K23)<4*$I$5,LEFT($K23,LEN($K23)-2*$I$5),LEFT(RIGHT($K23,4*$I$5),2*$I$5)))) | T23: =IF(OR($I23="",$J23="",$K23=""),"",IF(LEN($K23)<2*$I$5,$K23,RIGHT($K23,2*$I$5))) | U23: =IF(OR($I23="",$J23="",$K23=""),"",IF(L23="",0,L23)+IF(O23="",0,O23)+IF(R23="",0,R23)+IF(X23="",0,X23)) | V23: =IF(OR($I23="",$J23="",$K23=""),"",MOD(IF(S23="",0,S23)+IF(P23="",0,P23)+IF(M23="",0,M23)+IF(Y23="",0,Y23),$J$5^2)) | W23: =IF(OR($I23="",$J23="",$K23=""),"",MOD(IF(T23="",0,T23)+IF(Q23="",0,Q23)+IF(N23="",0,N23),$J$5^2)) | X23: =IF(OR($I23="",$J23="",$K23=""),"",INT((IF(S23="",0,S23)+IF(P23="",0,P23)+IF(M23="",0,M23)+IF(Y23="",0,Y23))/($J$5^2))) | Y23: =IF(OR($I23="",$J23="",$K23=""),"",INT((IF(T23="",0,T23)+IF(Q23="",0,Q23)+IF(N23="",0,N23))/($J$5^2))) | Z23: =IF(OR($I23="",$J23="",$K23=""),"",IF(OR(U23="",U23=0),"",U23)&IF(OR(U23="",U23=0),IF(OR(V23="",V23=0),"",V23),RIGHT($K$5&$K$5&V23,2*$I$5))&IF(AND(OR(U23="",U23=0),OR(V23="",V23=0)),IF(OR(W23="",W23=0),"",W23),RIGHT($K$5&$K$5&W23,2*$I$5))) | AA23: =IF(Z23="","",IF(LEN(Z23)>33,","&LEFT(RIGHT(Z23,33),3),IF(LEN(Z23)<30,"",LEFT(Z23,LEN(Z23)-30))) &IF(LEN(Z23)>30,","&LEFT(RIGHT(Z23,30),3),IF(LEN(Z23)<27,"",LEFT(Z23,LEN(Z23)-27))) &IF(LEN(Z23)>27,","&LEFT(RIGHT(Z23,27),3),IF(LEN(Z23)<24,"",LEFT(Z23,LEN(Z23)-24))) &IF(LEN(Z23)>24,","&LEFT(RIGHT(Z23,24),3),IF(LEN(Z23)<21,"",LEFT(Z23,LEN(Z23)-21))) &IF(LEN(Z23)>21,","&LEFT(RIGHT(Z23,21),3),IF(LEN(Z23)<18,"",LEFT(Z23,LEN(Z23)-18))) &IF(LEN(Z23)>18,","&LEFT(RIGHT(Z23,18),3),IF(LEN(Z23)<15,"",LEFT(Z23,LEN(Z23)-15))) &IF(LEN(Z23)>15,","&LEFT(RIGHT(Z23,15),3),IF(LEN(Z23)<12,"",LEFT(Z23,LEN(Z23)-12))) &IF(LEN(Z23)>12,","&LEFT(RIGHT(Z23,12),3),IF(LEN(Z23)<9,"",LEFT(Z23,LEN(Z23)-9))) &IF(LEN(Z23)>9,","&LEFT(RIGHT(Z23,9),3),IF(LEN(Z23)<6,"",LEFT(Z23,LEN(Z23)-6))) &IF(LEN(Z23)>6,","&LEFT(RIGHT(Z23,6),3),IF(LEN(Z23)<3,"",LEFT(Z23,LEN(Z23)-3))) &IF(LEN(Z23)>3,","&RIGHT(Z23,3),Z23))
H24: Row 2 | I24: =IF($B$14="","",SUBSTITUTE($B$14,",","")) | J24: =IF($C$14="","",SUBSTITUTE($C$14,",","")) -> 293359121922739758970465924 | K24: =IF($D$14="","",SUBSTITUTE($D$14,",","")) | L24: =IF(OR($I24="",$J24="",$K24=""),"",IF(LEN($I24)<4*$I$5,"",LEFT($I24,LEN($I24)-4*$I$5))) | M24: =IF(OR($I24="",$J24="",$K24=""),"",IF(LEN($I24)<=2*$I$5,"",IF(LEN($I24)<4*$I$5,LEFT($I24,LEN($I24)-2*$I$5),LEFT(RIGHT($I24,4*$I$5),2*$I$5)))) | N24: =IF(OR($I24="",$J24="",$K24=""),"",IF(LEN($I24)<2*$I$5,$I24,RIGHT($I24,2*$I$5))) | O24: =IF(OR($I24="",$J24="",$K24=""),"",IF(LEN($J24)<4*$I$5,"",LEFT($J24,LEN($J24)-4*$I$5))) | P24: =IF(OR($I24="",$J24="",$K24=""),"",IF(LEN($J24)<=2*$I$5,"",IF(LEN($J24)<4*$I$5,LEFT($J24,LEN($J24)-2*$I$5),LEFT(RIGHT($J24,4*$I$5),2*$I$5)))) | Q24: =IF(OR($I24="",$J24="",$K24=""),"",IF(LEN($J24)<2*$I$5,$J24,RIGHT($J24,2*$I$5))) | R24: =IF(OR($I24="",$J24="",$K24=""),"",IF(LEN($K24)<4*$I$5,"",LEFT($K24,LEN($K24)-4*$I$5))) | S24: =IF(OR($I24="",$J24="",$K24=""),"",IF(LEN($K24)<=2*$I$5,"",IF(LEN($K24)<4*$I$5,LEFT($K24,LEN($K24)-2*$I$5),LEFT(RIGHT($K24,4*$I$5),2*$I$5)))) | T24: =IF(OR($I24="",$J24="",$K24=""),"",IF(LEN($K24)<2*$I$5,$K24,RIGHT($K24,2*$I$5))) | U24: =IF(OR($I24="",$J24="",$K24=""),"",IF(L24="",0,L24)+IF(O24="",0,O24)+IF(R24="",0,R24)+IF(X24="",0,X24)) | V24: =IF(OR($I24="",$J24="",$K24=""),"",MOD(IF(S24="",0,S24)+IF(P24="",0,P24)+IF(M24="",0,M24)+IF(Y24="",0,Y24),$J$5^2)) | W24: =IF(OR($I24="",$J24="",$K24=""),"",MOD(IF(T24="",0,T24)+IF(Q24="",0,Q24)+IF(N24="",0,N24),$J$5^2)) | X24: =IF(OR($I24="",$J24="",$K24=""),"",INT((IF(S24="",0,S24)+IF(P24="",0,P24)+IF(M24="",0,M24)+IF(Y24="",0,Y24))/($J$5^2))) | Y24: =IF(OR($I24="",$J24="",$K24=""),"",INT((IF(T24="",0,T24)+IF(Q24="",0,Q24)+IF(N24="",0,N24))/($J$5^2))) | Z24: =IF(OR($I24="",$J24="",$K24=""),"",IF(OR(U24="",U24=0),"",U24)&IF(OR(U24="",U24=0),IF(OR(V24="",V24=0),"",V24),RIGHT($K$5&$K$5&V24,2*$I$5))&IF(AND(OR(U24="",U24=0),OR(V24="",V24=0)),IF(OR(W24="",W24=0),"",W24),RIGHT($K$5&$K$5&W24,2*$I$5))) | AA24: =IF(Z24="","",IF(LEN(Z24)>33,","&LEFT(RIGHT(Z24,33),3),IF(LEN(Z24)<30,"",LEFT(Z24,LEN(Z24)-30))) &IF(LEN(Z24)>30,","&LEFT(RIGHT(Z24,30),3),IF(LEN(Z24)<27,"",LEFT(Z24,LEN(Z24)-27))) &IF(LEN(Z24)>27,","&LEFT(RIGHT(Z24,27),3),IF(LEN(Z24)<24,"",LEFT(Z24,LEN(Z24)-24))) &IF(LEN(Z24)>24,","&LEFT(RIGHT(Z24,24),3),IF(LEN(Z24)<21,"",LEFT(Z24,LEN(Z24)-21))) &IF(LEN(Z24)>21,","&LEFT(RIGHT(Z24,21),3),IF(LEN(Z24)<18,"",LEFT(Z24,LEN(Z24)-18))) &IF(LEN(Z24)>18,","&LEFT(RIGHT(Z24,18),3),IF(LEN(Z24)<15,"",LEFT(Z24,LEN(Z24)-15))) &IF(LEN(Z24)>15,","&LEFT(RIGHT(Z24,15),3),IF(LEN(Z24)<12,"",LEFT(Z24,LEN(Z24)-12))) &IF(LEN(Z24)>12,","&LEFT(RIGHT(Z24,12),3),IF(LEN(Z24)<9,"",LEFT(Z24,LEN(Z24)-9))) &IF(LEN(Z24)>9,","&LEFT(RIGHT(Z24,9),3),IF(LEN(Z24)<6,"",LEFT(Z24,LEN(Z24)-6))) &IF(LEN(Z24)>6,","&LEFT(RIGHT(Z24,6),3),IF(LEN(Z24)<3,"",LEFT(Z24,LEN(Z24)-3))) &IF(LEN(Z24)>3,","&RIGHT(Z24,3),Z24))
H25: Row 3 | I25: =IF($B$15="","",SUBSTITUTE($B$15,",","")) -> 529752515393226540185756164 | J25: =IF($C$15="","",SUBSTITUTE($C$15,",","")) -> 75624018447897621728520004 | K25: =IF($D$15="","",SUBSTITUTE($D$15,",","")) -> 274700831927095114997121604 | L25: =IF(OR($I25="",$J25="",$K25=""),"",IF(LEN($I25)<4*$I$5,"",LEFT($I25,LEN($I25)-4*$I$5))) | M25: =IF(OR($I25="",$J25="",$K25=""),"",IF(LEN($I25)<=2*$I$5,"",IF(LEN($I25)<4*$I$5,LEFT($I25,LEN($I25)-2*$I$5),LEFT(RIGHT($I25,4*$I$5),2*$I$5)))) -> 5297525153932 | N25: =IF(OR($I25="",$J25="",$K25=""),"",IF(LEN($I25)<2*$I$5,$I25,RIGHT($I25,2*$I$5))) -> 26540185756164 | O25: =IF(OR($I25="",$J25="",$K25=""),"",IF(LEN($J25)<4*$I$5,"",LEFT($J25,LEN($J25)-4*$I$5))) | P25: =IF(OR($I25="",$J25="",$K25=""),"",IF(LEN($J25)<=2*$I$5,"",IF(LEN($J25)<4*$I$5,LEFT($J25,LEN($J25)-2*$I$5),LEFT(RIGHT($J25,4*$I$5),2*$I$5)))) -> 756240184478 | Q25: =IF(OR($I25="",$J25="",$K25=""),"",IF(LEN($J25)<2*$I$5,$J25,RIGHT($J25,2*$I$5))) -> 97621728520004 | R25: =IF(OR($I25="",$J25="",$K25=""),"",IF(LEN($K25)<4*$I$5,"",LEFT($K25,LEN($K25)-4*$I$5))) | S25: =IF(OR($I25="",$J25="",$K25=""),"",IF(LEN($K25)<=2*$I$5,"",IF(LEN($K25)<4*$I$5,LEFT($K25,LEN($K25)-2*$I$5),LEFT(RIGHT($K25,4*$I$5),2*$I$5)))) -> 2747008319270 | T25: =IF(OR($I25="",$J25="",$K25=""),"",IF(LEN($K25)<2*$I$5,$K25,RIGHT($K25,2*$I$5))) -> 95114997121604 | U25: =IF(OR($I25="",$J25="",$K25=""),"",IF(L25="",0,L25)+IF(O25="",0,O25)+IF(R25="",0,R25)+IF(X25="",0,X25)) -> 0 | V25: =IF(OR($I25="",$J25="",$K25=""),"",MOD(IF(S25="",0,S25)+IF(P25="",0,P25)+IF(M25="",0,M25)+IF(Y25="",0,Y25),$J$5^2)) -> 8800773657682 | W25: =IF(OR($I25="",$J25="",$K25=""),"",MOD(IF(T25="",0,T25)+IF(Q25="",0,Q25)+IF(N25="",0,N25),$J$5^2)) -> 19276911397772 | X25: =IF(OR($I25="",$J25="",$K25=""),"",INT((IF(S25="",0,S25)+IF(P25="",0,P25)+IF(M25="",0,M25)+IF(Y25="",0,Y25))/($J$5^2))) -> 0 | Y25: =IF(OR($I25="",$J25="",$K25=""),"",INT((IF(T25="",0,T25)+IF(Q25="",0,Q25)+IF(N25="",0,N25))/($J$5^2))) -> 2 | Z25: =IF(OR($I25="",$J25="",$K25=""),"",IF(OR(U25="",U25=0),"",U25)&IF(OR(U25="",U25=0),IF(OR(V25="",V25=0),"",V25),RIGHT($K$5&$K$5&V25,2*$I$5))&IF(AND(OR(U25="",U25=0),OR(V25="",V25=0)),IF(OR(W25="",W25=0),"",W25),RIGHT($K$5&$K$5&W25,2*$I$5))) -> 880077365768219276911397772 | AA25: =IF(Z25="","",IF(LEN(Z25)>33,","&LEFT(RIGHT(Z25,33),3),IF(LEN(Z25)<30,"",LEFT(Z25,LEN(Z25)-30))) &IF(LEN(Z25)>30,","&LEFT(RIGHT(Z25,30),3),IF(LEN(Z25)<27,"",LEFT(Z25,LEN(Z25)-27))) &IF(LEN(Z25)>27,","&LEFT(RIGHT(Z25,27),3),IF(LEN(Z25)<24,"",LEFT(Z25,LEN(Z25)-24))) &IF(LEN(Z25)>24,","&LEFT(RIGHT(Z25,24),3),IF(LEN(Z25)<21,"",LEFT(Z25,LEN(Z25)-21))) &IF(LEN(Z25)>21,","&LEFT(RIGHT(Z25,21),3),IF(LEN(Z25)<18,"",LEFT(Z25,LEN(Z25)-18))) &IF(LEN(Z25)>18,","&LEFT(RIGHT(Z25,18),3),IF(LEN(Z25)<15,"",LEFT(Z25,LEN(Z25)-15))) &IF(LEN(Z25)>15,","&LEFT(RIGHT(Z25,15),3),IF(LEN(Z25)<12,"",LEFT(Z25,LEN(Z25)-12))) &IF(LEN(Z25)>12,","&LEFT(RIGHT(Z25,12),3),IF(LEN(Z25)<9,"",LEFT(Z25,LEN(Z25)-9))) &IF(LEN(Z25)>9,","&LEFT(RIGHT(Z25,9),3),IF(LEN(Z25)<6,"",LEFT(Z25,LEN(Z25)-6))) &IF(LEN(Z25)>6,","&LEFT(RIGHT(Z25,6),3),IF(LEN(Z25)<3,"",LEFT(Z25,LEN(Z25)-3))) &IF(LEN(Z25)>3,","&RIGHT(Z25,3),Z25)) -> 880,077,365,768,219,276,911,397,772
H26: Col 1 | I26: =IF($B$13="","",SUBSTITUTE($B$13,",","")) -> 312017411918384402943810244 | J26: =IF($B$14="","",SUBSTITUTE($B$14,",","")) | K26: =IF($B$15="","",SUBSTITUTE($B$15,",","")) -> 529752515393226540185756164 | L26: =IF(OR($I26="",$J26="",$K26=""),"",IF(LEN($I26)<4*$I$5,"",LEFT($I26,LEN($I26)-4*$I$5))) | M26: =IF(OR($I26="",$J26="",$K26=""),"",IF(LEN($I26)<=2*$I$5,"",IF(LEN($I26)<4*$I$5,LEFT($I26,LEN($I26)-2*$I$5),LEFT(RIGHT($I26,4*$I$5),2*$I$5)))) | N26: =IF(OR($I26="",$J26="",$K26=""),"",IF(LEN($I26)<2*$I$5,$I26,RIGHT($I26,2*$I$5))) | O26: =IF(OR($I26="",$J26="",$K26=""),"",IF(LEN($J26)<4*$I$5,"",LEFT($J26,LEN($J26)-4*$I$5))) | P26: =IF(OR($I26="",$J26="",$K26=""),"",IF(LEN($J26)<=2*$I$5,"",IF(LEN($J26)<4*$I$5,LEFT($J26,LEN($J26)-2*$I$5),LEFT(RIGHT($J26,4*$I$5),2*$I$5)))) | Q26: =IF(OR($I26="",$J26="",$K26=""),"",IF(LEN($J26)<2*$I$5,$J26,RIGHT($J26,2*$I$5))) | R26: =IF(OR($I26="",$J26="",$K26=""),"",IF(LEN($K26)<4*$I$5,"",LEFT($K26,LEN($K26)-4*$I$5))) | S26: =IF(OR($I26="",$J26="",$K26=""),"",IF(LEN($K26)<=2*$I$5,"",IF(LEN($K26)<4*$I$5,LEFT($K26,LEN($K26)-2*$I$5),LEFT(RIGHT($K26,4*$I$5),2*$I$5)))) | T26: =IF(OR($I26="",$J26="",$K26=""),"",IF(LEN($K26)<2*$I$5,$K26,RIGHT($K26,2*$I$5))) | U26: =IF(OR($I26="",$J26="",$K26=""),"",IF(L26="",0,L26)+IF(O26="",0,O26)+IF(R26="",0,R26)+IF(X26="",0,X26)) | V26: =IF(OR($I26="",$J26="",$K26=""),"",MOD(IF(S26="",0,S26)+IF(P26="",0,P26)+IF(M26="",0,M26)+IF(Y26="",0,Y26),$J$5^2)) | W26: =IF(OR($I26="",$J26="",$K26=""),"",MOD(IF(T26="",0,T26)+IF(Q26="",0,Q26)+IF(N26="",0,N26),$J$5^2)) | X26: =IF(OR($I26="",$J26="",$K26=""),"",INT((IF(S26="",0,S26)+IF(P26="",0,P26)+IF(M26="",0,M26)+IF(Y26="",0,Y26))/($J$5^2))) | Y26: =IF(OR($I26="",$J26="",$K26=""),"",INT((IF(T26="",0,T26)+IF(Q26="",0,Q26)+IF(N26="",0,N26))/($J$5^2))) | Z26: =IF(OR($I26="",$J26="",$K26=""),"",IF(OR(U26="",U26=0),"",U26)&IF(OR(U26="",U26=0),IF(OR(V26="",V26=0),"",V26),RIGHT($K$5&$K$5&V26,2*$I$5))&IF(AND(OR(U26="",U26=0),OR(V26="",V26=0)),IF(OR(W26="",W26=0),"",W26),RIGHT($K$5&$K$5&W26,2*$I$5))) | AA26: =IF(Z26="","",IF(LEN(Z26)>33,","&LEFT(RIGHT(Z26,33),3),IF(LEN(Z26)<30,"",LEFT(Z26,LEN(Z26)-30))) &IF(LEN(Z26)>30,","&LEFT(RIGHT(Z26,30),3),IF(LEN(Z26)<27,"",LEFT(Z26,LEN(Z26)-27))) &IF(LEN(Z26)>27,","&LEFT(RIGHT(Z26,27),3),IF(LEN(Z26)<24,"",LEFT(Z26,LEN(Z26)-24))) &IF(LEN(Z26)>24,","&LEFT(RIGHT(Z26,24),3),IF(LEN(Z26)<21,"",LEFT(Z26,LEN(Z26)-21))) &IF(LEN(Z26)>21,","&LEFT(RIGHT(Z26,21),3),IF(LEN(Z26)<18,"",LEFT(Z26,LEN(Z26)-18))) &IF(LEN(Z26)>18,","&LEFT(RIGHT(Z26,18),3),IF(LEN(Z26)<15,"",LEFT(Z26,LEN(Z26)-15))) &IF(LEN(Z26)>15,","&LEFT(RIGHT(Z26,15),3),IF(LEN(Z26)<12,"",LEFT(Z26,LEN(Z26)-12))) &IF(LEN(Z26)>12,","&LEFT(RIGHT(Z26,12),3),IF(LEN(Z26)<9,"",LEFT(Z26,LEN(Z26)-9))) &IF(LEN(Z26)>9,","&LEFT(RIGHT(Z26,9),3),IF(LEN(Z26)<6,"",LEFT(Z26,LEN(Z26)-6))) &IF(LEN(Z26)>6,","&LEFT(RIGHT(Z26,6),3),IF(LEN(Z26)<3,"",LEFT(Z26,LEN(Z26)-3))) &IF(LEN(Z26)>3,","&RIGHT(Z26,3),Z26))
H27: Col 2 | I27: =IF($C$13="","",SUBSTITUTE($C$13,",","")) -> 511094225397581896212411844 | J27: =IF($C$14="","",SUBSTITUTE($C$14,",","")) -> 293359121922739758970465924 | K27: =IF($C$15="","",SUBSTITUTE($C$15,",","")) -> 75624018447897621728520004 | L27: =IF(OR($I27="",$J27="",$K27=""),"",IF(LEN($I27)<4*$I$5,"",LEFT($I27,LEN($I27)-4*$I$5))) | M27: =IF(OR($I27="",$J27="",$K27=""),"",IF(LEN($I27)<=2*$I$5,"",IF(LEN($I27)<4*$I$5,LEFT($I27,LEN($I27)-2*$I$5),LEFT(RIGHT($I27,4*$I$5),2*$I$5)))) -> 5110942253975 | N27: =IF(OR($I27="",$J27="",$K27=""),"",IF(LEN($I27)<2*$I$5,$I27,RIGHT($I27,2*$I$5))) -> 81896212411844 | O27: =IF(OR($I27="",$J27="",$K27=""),"",IF(LEN($J27)<4*$I$5,"",LEFT($J27,LEN($J27)-4*$I$5))) | P27: =IF(OR($I27="",$J27="",$K27=""),"",IF(LEN($J27)<=2*$I$5,"",IF(LEN($J27)<4*$I$5,LEFT($J27,LEN($J27)-2*$I$5),LEFT(RIGHT($J27,4*$I$5),2*$I$5)))) -> 2933591219227 | Q27: =IF(OR($I27="",$J27="",$K27=""),"",IF(LEN($J27)<2*$I$5,$J27,RIGHT($J27,2*$I$5))) -> 39758970465924 | R27: =IF(OR($I27="",$J27="",$K27=""),"",IF(LEN($K27)<4*$I$5,"",LEFT($K27,LEN($K27)-4*$I$5))) | S27: =IF(OR($I27="",$J27="",$K27=""),"",IF(LEN($K27)<=2*$I$5,"",IF(LEN($K27)<4*$I$5,LEFT($K27,LEN($K27)-2*$I$5),LEFT(RIGHT($K27,4*$I$5),2*$I$5)))) -> 756240184478 | T27: =IF(OR($I27="",$J27="",$K27=""),"",IF(LEN($K27)<2*$I$5,$K27,RIGHT($K27,2*$I$5))) -> 97621728520004 | U27: =IF(OR($I27="",$J27="",$K27=""),"",IF(L27="",0,L27)+IF(O27="",0,O27)+IF(R27="",0,R27)+IF(X27="",0,X27)) -> 0 | V27: =IF(OR($I27="",$J27="",$K27=""),"",MOD(IF(S27="",0,S27)+IF(P27="",0,P27)+IF(M27="",0,M27)+IF(Y27="",0,Y27),$J$5^2)) -> 8800773657682 | W27: =IF(OR($I27="",$J27="",$K27=""),"",MOD(IF(T27="",0,T27)+IF(Q27="",0,Q27)+IF(N27="",0,N27),$J$5^2)) -> 19276911397772 | X27: =IF(OR($I27="",$J27="",$K27=""),"",INT((IF(S27="",0,S27)+IF(P27="",0,P27)+IF(M27="",0,M27)+IF(Y27="",0,Y27))/($J$5^2))) -> 0 | Y27: =IF(OR($I27="",$J27="",$K27=""),"",INT((IF(T27="",0,T27)+IF(Q27="",0,Q27)+IF(N27="",0,N27))/($J$5^2))) -> 2 | Z27: =IF(OR($I27="",$J27="",$K27=""),"",IF(OR(U27="",U27=0),"",U27)&IF(OR(U27="",U27=0),IF(OR(V27="",V27=0),"",V27),RIGHT($K$5&$K$5&V27,2*$I$5))&IF(AND(OR(U27="",U27=0),OR(V27="",V27=0)),IF(OR(W27="",W27=0),"",W27),RIGHT($K$5&$K$5&W27,2*$I$5))) -> 880077365768219276911397772 | AA27: =IF(Z27="","",IF(LEN(Z27)>33,","&LEFT(RIGHT(Z27,33),3),IF(LEN(Z27)<30,"",LEFT(Z27,LEN(Z27)-30))) &IF(LEN(Z27)>30,","&LEFT(RIGHT(Z27,30),3),IF(LEN(Z27)<27,"",LEFT(Z27,LEN(Z27)-27))) &IF(LEN(Z27)>27,","&LEFT(RIGHT(Z27,27),3),IF(LEN(Z27)<24,"",LEFT(Z27,LEN(Z27)-24))) &IF(LEN(Z27)>24,","&LEFT(RIGHT(Z27,24),3),IF(LEN(Z27)<21,"",LEFT(Z27,LEN(Z27)-21))) &IF(LEN(Z27)>21,","&LEFT(RIGHT(Z27,21),3),IF(LEN(Z27)<18,"",LEFT(Z27,LEN(Z27)-18))) &IF(LEN(Z27)>18,","&LEFT(RIGHT(Z27,18),3),IF(LEN(Z27)<15,"",LEFT(Z27,LEN(Z27)-15))) &IF(LEN(Z27)>15,","&LEFT(RIGHT(Z27,15),3),IF(LEN(Z27)<12,"",LEFT(Z27,LEN(Z27)-12))) &IF(LEN(Z27)>12,","&LEFT(RIGHT(Z27,12),3),IF(LEN(Z27)<9,"",LEFT(Z27,LEN(Z27)-9))) &IF(LEN(Z27)>9,","&LEFT(RIGHT(Z27,9),3),IF(LEN(Z27)<6,"",LEFT(Z27,LEN(Z27)-6))) &IF(LEN(Z27)>6,","&LEFT(RIGHT(Z27,6),3),IF(LEN(Z27)<3,"",LEFT(Z27,LEN(Z27)-3))) &IF(LEN(Z27)>3,","&RIGHT(Z27,3),Z27)) -> 880,077,365,768,219,276,911,397,772
H28: Col 3 | I28: =IF($D$13="","",SUBSTITUTE($D$13,",","")) | J28: =IF($D$14="","",SUBSTITUTE($D$14,",","")) | K28: =IF($D$15="","",SUBSTITUTE($D$15,",","")) -> 274700831927095114997121604 | L28: =IF(OR($I28="",$J28="",$K28=""),"",IF(LEN($I28)<4*$I$5,"",LEFT($I28,LEN($I28)-4*$I$5))) | M28: =IF(OR($I28="",$J28="",$K28=""),"",IF(LEN($I28)<=2*$I$5,"",IF(LEN($I28)<4*$I$5,LEFT($I28,LEN($I28)-2*$I$5),LEFT(RIGHT($I28,4*$I$5),2*$I$5)))) | N28: =IF(OR($I28="",$J28="",$K28=""),"",IF(LEN($I28)<2*$I$5,$I28,RIGHT($I28,2*$I$5))) | O28: =IF(OR($I28="",$J28="",$K28=""),"",IF(LEN($J28)<4*$I$5,"",LEFT($J28,LEN($J28)-4*$I$5))) | P28: =IF(OR($I28="",$J28="",$K28=""),"",IF(LEN($J28)<=2*$I$5,"",IF(LEN($J28)<4*$I$5,LEFT($J28,LEN($J28)-2*$I$5),LEFT(RIGHT($J28,4*$I$5),2*$I$5)))) | Q28: =IF(OR($I28="",$J28="",$K28=""),"",IF(LEN($J28)<2*$I$5,$J28,RIGHT($J28,2*$I$5))) | R28: =IF(OR($I28="",$J28="",$K28=""),"",IF(LEN($K28)<4*$I$5,"",LEFT($K28,LEN($K28)-4*$I$5))) | S28: =IF(OR($I28="",$J28="",$K28=""),"",IF(LEN($K28)<=2*$I$5,"",IF(LEN($K28)<4*$I$5,LEFT($K28,LEN($K28)-2*$I$5),LEFT(RIGHT($K28,4*$I$5),2*$I$5)))) | T28: =IF(OR($I28="",$J28="",$K28=""),"",IF(LEN($K28)<2*$I$5,$K28,RIGHT($K28,2*$I$5))) | U28: =IF(OR($I28="",$J28="",$K28=""),"",IF(L28="",0,L28)+IF(O28="",0,O28)+IF(R28="",0,R28)+IF(X28="",0,X28)) | V28: =IF(OR($I28="",$J28="",$K28=""),"",MOD(IF(S28="",0,S28)+IF(P28="",0,P28)+IF(M28="",0,M28)+IF(Y28="",0,Y28),$J$5^2)) | W28: =IF(OR($I28="",$J28="",$K28=""),"",MOD(IF(T28="",0,T28)+IF(Q28="",0,Q28)+IF(N28="",0,N28),$J$5^2)) | X28: =IF(OR($I28="",$J28="",$K28=""),"",INT((IF(S28="",0,S28)+IF(P28="",0,P28)+IF(M28="",0,M28)+IF(Y28="",0,Y28))/($J$5^2))) | Y28: =IF(OR($I28="",$J28="",$K28=""),"",INT((IF(T28="",0,T28)+IF(Q28="",0,Q28)+IF(N28="",0,N28))/($J$5^2))) | Z28: =IF(OR($I28="",$J28="",$K28=""),"",IF(OR(U28="",U28=0),"",U28)&IF(OR(U28="",U28=0),IF(OR(V28="",V28=0),"",V28),RIGHT($K$5&$K$5&V28,2*$I$5))&IF(AND(OR(U28="",U28=0),OR(V28="",V28=0)),IF(OR(W28="",W28=0),"",W28),RIGHT($K$5&$K$5&W28,2*$I$5))) | AA28: =IF(Z28="","",IF(LEN(Z28)>33,","&LEFT(RIGHT(Z28,33),3),IF(LEN(Z28)<30,"",LEFT(Z28,LEN(Z28)-30))) &IF(LEN(Z28)>30,","&LEFT(RIGHT(Z28,30),3),IF(LEN(Z28)<27,"",LEFT(Z28,LEN(Z28)-27))) &IF(LEN(Z28)>27,","&LEFT(RIGHT(Z28,27),3),IF(LEN(Z28)<24,"",LEFT(Z28,LEN(Z28)-24))) &IF(LEN(Z28)>24,","&LEFT(RIGHT(Z28,24),3),IF(LEN(Z28)<21,"",LEFT(Z28,LEN(Z28)-21))) &IF(LEN(Z28)>21,","&LEFT(RIGHT(Z28,21),3),IF(LEN(Z28)<18,"",LEFT(Z28,LEN(Z28)-18))) &IF(LEN(Z28)>18,","&LEFT(RIGHT(Z28,18),3),IF(LEN(Z28)<15,"",LEFT(Z28,LEN(Z28)-15))) &IF(LEN(Z28)>15,","&LEFT(RIGHT(Z28,15),3),IF(LEN(Z28)<12,"",LEFT(Z28,LEN(Z28)-12))) &IF(LEN(Z28)>12,","&LEFT(RIGHT(Z28,12),3),IF(LEN(Z28)<9,"",LEFT(Z28,LEN(Z28)-9))) &IF(LEN(Z28)>9,","&LEFT(RIGHT(Z28,9),3),IF(LEN(Z28)<6,"",LEFT(Z28,LEN(Z28)-6))) &IF(LEN(Z28)>6,","&LEFT(RIGHT(Z28,6),3),IF(LEN(Z28)<3,"",LEFT(Z28,LEN(Z28)-3))) &IF(LEN(Z28)>3,","&RIGHT(Z28,3),Z28))
